method,path,controller_file,handler,auth_guard,permission,input_contract,output_contract,side_effects,notes
GET,/admin/session,admin/admin.controller.ts,session,AdminRbacGuard,,unknown,UNKNOWN,read-only,
GET,/admin/me,admin/admin.controller.ts,auth,AdminRbacGuard,,unknown,UNKNOWN,read-only,
GET,/admin/module-contracts,admin/admin.controller.ts,readiness,AdminRbacGuard,,unknown,UNKNOWN,read-only,
GET,/admin/iam/roles,admin/admin.controller.ts,iamRoles,AdminRbacGuard,,unknown,UNKNOWN,read-only,
GET,/admin/iam/roles/:code,admin/admin.controller.ts,iamRoleDetail,AdminRbacGuard,,unknown,UNKNOWN,read-only,
GET,/admin/iam/permissions,admin/admin.controller.ts,iamPermissions,AdminRbacGuard,,unknown,UNKNOWN,read-only,
GET,/admin/iam/permissions/:code,admin/admin.controller.ts,defined,AdminRbacGuard,,unknown,UNKNOWN,read-only,
GET,/admin/iam/admins,admin/admin.controller.ts,filters,AdminRbacGuard,,unknown,UNKNOWN,read-only,
GET,/admin/iam/admins/:id,admin/admin.controller.ts,audit,AdminRbacGuard,,unknown,UNKNOWN,read-only,
POST,/admin/iam/admins/:id/roles,admin/admin.controller.ts,actor,AdminRbacGuard,,unknown,UNKNOWN,DB:write,
DELETE,/admin/iam/admins/:id/roles/:roleCode,admin/admin.controller.ts,actor,AdminRbacGuard,,unknown,UNKNOWN,DB:write,
PATCH,/admin/iam/admins/:id,admin/admin.controller.ts,status,AdminRbacGuard,,unknown,UNKNOWN,DB:write,
GET,/admin/iam/role-audit,admin/admin.controller.ts,timeline,AdminRbacGuard,,unknown,UNKNOWN,read-only,
GET,/admin/content/summary,admin/admin.controller.ts,CMS,AdminRbacGuard,,unknown,UNKNOWN,read-only,
POST,/admin/lexemes/:id/examples,admin/admin.controller.ts,createLexemeExample,AdminRbacGuard,,unknown,UNKNOWN,DB:insert,
PATCH,/admin/lexemes/:id/examples/:linkId,admin/admin.controller.ts,patchLexemeExample,AdminRbacGuard,,unknown,UNKNOWN,DB:update,
DELETE,/admin/lexemes/:id/examples/:linkId,admin/admin.controller.ts,deleteLexemeExample,AdminRbacGuard,,unknown,UNKNOWN,DB:delete,
GET,/admin/content,admin/admin.controller.ts,list,AdminRbacGuard,,unknown,UNKNOWN,read-only,
POST,/admin/content,admin/admin.controller.ts,createContent,AdminRbacGuard,,unknown,UNKNOWN,DB:insert,
PATCH,/admin/content/:type/:id/status,admin/admin.controller.ts,status,AdminRbacGuard,,unknown,UNKNOWN,DB:write,
PATCH,/admin/content/:type/:id,admin/admin.controller.ts,patchContent,AdminRbacGuard,,unknown,UNKNOWN,DB:update,
GET,/admin/users/kpis,admin/admin.controller.ts,console,AdminRbacGuard,,unknown,UNKNOWN,read-only,
GET,/admin/users,admin/admin.controller.ts,usersConsoleList,AdminRbacGuard,,unknown,UNKNOWN,read-only,
GET,/admin/users/:id/audit,admin/admin.controller.ts,user,AdminRbacGuard,,unknown,UNKNOWN,read-only,
GET,/admin/users/:id,admin/admin.controller.ts,counters,AdminRbacGuard,,unknown,UNKNOWN,read-only,
PATCH,/admin/users/:id/status,admin/admin.controller.ts,userPatchStatus,AdminRbacGuard,,unknown,UNKNOWN,DB:update,
PATCH,/admin/users/:id/plan,admin/admin.controller.ts,subscription,AdminRbacGuard,,unknown,UNKNOWN,DB:write,
POST,/admin/users/:id/support-notes,admin/admin.controller.ts,note,AdminRbacGuard,,unknown,UNKNOWN,DB:write,
POST,/admin/users/invite,admin/admin.controller.ts,user,AdminRbacGuard,,unknown,UNKNOWN,DB:write,
POST,/admin/users,admin/admin.controller.ts,createUser,AdminRbacGuard,,unknown,UNKNOWN,DB:insert,
GET,/admin/audit,admin/admin.controller.ts,audit,AdminRbacGuard,,unknown,UNKNOWN,read-only,
GET,/admin/support/notes,admin/admin.controller.ts,notes,AdminRbacGuard,,unknown,UNKNOWN,read-only,
POST,/admin/support/notes,admin/admin.controller.ts,user,AdminRbacGuard,,unknown,UNKNOWN,DB:write,
GET,/admin/reading-assist/reports,admin/admin.controller.ts,readingAssistReports,AdminRbacGuard,,unknown,UNKNOWN,read-only,
GET,/admin/i18n/keys,admin/i18n-admin.controller.ts,locale,AdminRbacGuard,,unknown,UNKNOWN,read-only,
GET,/admin/i18n/pending,admin/i18n-admin.controller.ts,pending,AdminRbacGuard,,unknown,UNKNOWN,read-only,
GET,/admin/i18n/keys/:id,admin/i18n-admin.controller.ts,detail,AdminRbacGuard,,unknown,UNKNOWN,read-only,
PATCH,/admin/i18n/keys/:id/translation,admin/i18n-admin.controller.ts,updateTranslation,AdminRbacGuard,,unknown,UNKNOWN,DB:update,
GET,/admin/analytics/${DOMAIN}/summary,analytics/analytics-battle-admin.controller.ts,summary,AdminRbacGuard,,unknown,UNKNOWN,read-only,
GET,/admin/analytics/${DOMAIN}/timeseries,analytics/analytics-battle-admin.controller.ts,timeseries,AdminRbacGuard,,unknown,UNKNOWN,read-only,
GET,/admin/analytics/${DOMAIN}/breakdown,analytics/analytics-battle-admin.controller.ts,breakdown,AdminRbacGuard,,unknown,UNKNOWN,read-only,
POST,/admin/analytics/${DOMAIN}/export,analytics/analytics-battle-admin.controller.ts,export,AdminRbacGuard,,unknown,UNKNOWN,File:generate,
POST,/admin/analytics/${DOMAIN}/refresh,analytics/analytics-battle-admin.controller.ts,refresh,AdminRbacGuard,,unknown,UNKNOWN,DB:bulk-write,
GET,/admin/analytics/${DOMAIN}/summary,analytics/analytics-bjt-admin.controller.ts,summary,AdminRbacGuard,,unknown,UNKNOWN,read-only,
GET,/admin/analytics/${DOMAIN}/timeseries,analytics/analytics-bjt-admin.controller.ts,timeseries,AdminRbacGuard,,unknown,UNKNOWN,read-only,
GET,/admin/analytics/${DOMAIN}/breakdown,analytics/analytics-bjt-admin.controller.ts,breakdown,AdminRbacGuard,,unknown,UNKNOWN,read-only,
POST,/admin/analytics/${DOMAIN}/export,analytics/analytics-bjt-admin.controller.ts,export,AdminRbacGuard,,unknown,UNKNOWN,File:generate,
POST,/admin/analytics/${DOMAIN}/refresh,analytics/analytics-bjt-admin.controller.ts,refresh,AdminRbacGuard,,unknown,UNKNOWN,DB:bulk-write,
GET,/admin/analytics/${DOMAIN}/summary,analytics/analytics-content-admin.controller.ts,summary,AdminRbacGuard,,unknown,UNKNOWN,read-only,
GET,/admin/analytics/${DOMAIN}/timeseries,analytics/analytics-content-admin.controller.ts,timeseries,AdminRbacGuard,,unknown,UNKNOWN,read-only,
GET,/admin/analytics/${DOMAIN}/breakdown,analytics/analytics-content-admin.controller.ts,breakdown,AdminRbacGuard,,unknown,UNKNOWN,read-only,
POST,/admin/analytics/${DOMAIN}/export,analytics/analytics-content-admin.controller.ts,export,AdminRbacGuard,,unknown,UNKNOWN,File:generate,
POST,/admin/analytics/${DOMAIN}/refresh,analytics/analytics-content-admin.controller.ts,refresh,AdminRbacGuard,,unknown,UNKNOWN,DB:bulk-write,
GET,/admin/analytics/${DOMAIN}/summary,analytics/analytics-flashcards-admin.controller.ts,summary,AdminRbacGuard,,unknown,UNKNOWN,read-only,
GET,/admin/analytics/${DOMAIN}/timeseries,analytics/analytics-flashcards-admin.controller.ts,timeseries,AdminRbacGuard,,unknown,UNKNOWN,read-only,
GET,/admin/analytics/${DOMAIN}/breakdown,analytics/analytics-flashcards-admin.controller.ts,breakdown,AdminRbacGuard,,unknown,UNKNOWN,read-only,
POST,/admin/analytics/${DOMAIN}/export,analytics/analytics-flashcards-admin.controller.ts,export,AdminRbacGuard,,unknown,UNKNOWN,File:generate,
POST,/admin/analytics/${DOMAIN}/refresh,analytics/analytics-flashcards-admin.controller.ts,refresh,AdminRbacGuard,,unknown,UNKNOWN,DB:bulk-write,
GET,/admin/analytics/${DOMAIN}/summary,analytics/analytics-growth-admin.controller.ts,summary,AdminRbacGuard,,unknown,UNKNOWN,read-only,
GET,/admin/analytics/${DOMAIN}/timeseries,analytics/analytics-growth-admin.controller.ts,timeseries,AdminRbacGuard,,unknown,UNKNOWN,read-only,
GET,/admin/analytics/${DOMAIN}/breakdown,analytics/analytics-growth-admin.controller.ts,breakdown,AdminRbacGuard,,unknown,UNKNOWN,read-only,
POST,/admin/analytics/${DOMAIN}/export,analytics/analytics-growth-admin.controller.ts,export,AdminRbacGuard,,unknown,UNKNOWN,File:generate,
POST,/admin/analytics/${DOMAIN}/refresh,analytics/analytics-growth-admin.controller.ts,refresh,AdminRbacGuard,,unknown,UNKNOWN,DB:bulk-write,
GET,/admin/analytics/${DOMAIN}/summary,analytics/analytics-learning-admin.controller.ts,summary,AdminRbacGuard,,unknown,UNKNOWN,read-only,
GET,/admin/analytics/${DOMAIN}/timeseries,analytics/analytics-learning-admin.controller.ts,timeseries,AdminRbacGuard,,unknown,UNKNOWN,read-only,
GET,/admin/analytics/${DOMAIN}/breakdown,analytics/analytics-learning-admin.controller.ts,top_studiers,AdminRbacGuard,,unknown,UNKNOWN,read-only,
POST,/admin/analytics/${DOMAIN}/export,analytics/analytics-learning-admin.controller.ts,export,AdminRbacGuard,,unknown,UNKNOWN,File:generate,
POST,/admin/analytics/${DOMAIN}/refresh,analytics/analytics-learning-admin.controller.ts,refresh,AdminRbacGuard,,unknown,UNKNOWN,DB:bulk-write,
GET,/admin/analytics/${DOMAIN}/summary,analytics/analytics-search-admin.controller.ts,summary,AdminRbacGuard,,unknown,UNKNOWN,read-only,
GET,/admin/analytics/${DOMAIN}/timeseries,analytics/analytics-search-admin.controller.ts,timeseries,AdminRbacGuard,,unknown,UNKNOWN,read-only,
GET,/admin/analytics/${DOMAIN}/breakdown,analytics/analytics-search-admin.controller.ts,breakdown,AdminRbacGuard,,unknown,UNKNOWN,read-only,
POST,/admin/analytics/${DOMAIN}/export,analytics/analytics-search-admin.controller.ts,export,AdminRbacGuard,,unknown,UNKNOWN,File:generate,
POST,/admin/analytics/${DOMAIN}/refresh,analytics/analytics-search-admin.controller.ts,refresh,AdminRbacGuard,,unknown,UNKNOWN,DB:bulk-write,
GET,/admin/analytics/${DOMAIN}/summary,analytics/analytics-system-admin.controller.ts,summary,AdminRbacGuard,,unknown,UNKNOWN,read-only,
GET,/admin/analytics/${DOMAIN}/timeseries,analytics/analytics-system-admin.controller.ts,timeseries,AdminRbacGuard,,unknown,UNKNOWN,read-only,
GET,/admin/analytics/${DOMAIN}/breakdown,analytics/analytics-system-admin.controller.ts,breakdown,AdminRbacGuard,,unknown,UNKNOWN,read-only,
POST,/admin/analytics/${DOMAIN}/export,analytics/analytics-system-admin.controller.ts,export,AdminRbacGuard,,unknown,UNKNOWN,File:generate,
POST,/admin/analytics/${DOMAIN}/refresh,analytics/analytics-system-admin.controller.ts,refresh,AdminRbacGuard,,unknown,UNKNOWN,DB:bulk-write,
POST,/analytics/events,analytics/analytics.controller.ts,ingest,Public,,unknown,UNKNOWN,DB:write,
GET,/analytics/learner,analytics/analytics.controller.ts,snapshot,Public,,unknown,UNKNOWN,read-only,
GET,/admin/analytics,analytics/analytics.controller.ts,analytics,AdminRbacGuard,,unknown,UNKNOWN,read-only,
GET,/analytics/heatmap,analytics/learning-heatmap.controller.ts,getHeatmap,KeycloakAuthGuard,,unknown,UNKNOWN,read-only,
GET,/analytics/weekly-report/latest,analytics/weekly-report.controller.ts,getLatest,KeycloakAuthGuard,,unknown,UNKNOWN,read-only,
GET,/analytics/weekly-report/history,analytics/weekly-report.controller.ts,getHistory,KeycloakAuthGuard,,unknown,UNKNOWN,read-only,
GET,/admin/announcements,announcement/announcement-admin.controller.ts,list,AdminRbacGuard,,unknown,UNKNOWN,read-only,
POST,/admin/announcements,announcement/announcement-admin.controller.ts,create,AdminRbacGuard,,unknown,UNKNOWN,DB:insert,
PATCH,/admin/announcements/:id,announcement/announcement-admin.controller.ts,update,AdminRbacGuard,,unknown,UNKNOWN,DB:update,
DELETE,/admin/announcements/:id,announcement/announcement-admin.controller.ts,remove,AdminRbacGuard,,unknown,UNKNOWN,DB:delete,
GET,/announcements,announcement/announcement.controller.ts,listActive,Public,,unknown,UNKNOWN,read-only,
POST,/announcements/:id/dismiss,announcement/announcement.controller.ts,dismiss,Public,,unknown,UNKNOWN,DB:write,
GET,/admin/bjt/summary,assessment/bjt-dashboard-admin.controller.ts,rate,AdminRbacGuard,,unknown,UNKNOWN,read-only,
GET,/admin/assessment/mock-exams,assessment/mock-exams-admin.controller.ts,list,AdminRbacGuard,,unknown,UNKNOWN,read-only,
GET,/admin/assessment/mock-exams/:id,assessment/mock-exams-admin.controller.ts,detail,AdminRbacGuard,,unknown,UNKNOWN,read-only,
POST,/admin/assessment/mock-exams,assessment/mock-exams-admin.controller.ts,create,AdminRbacGuard,,unknown,UNKNOWN,DB:insert,
PATCH,/admin/assessment/mock-exams/:id,assessment/mock-exams-admin.controller.ts,patch,AdminRbacGuard,,unknown,UNKNOWN,DB:update,
POST,/admin/assessment/mock-exams/:id/publish,assessment/mock-exams-admin.controller.ts,publish,AdminRbacGuard,,unknown,UNKNOWN,DB:write,
POST,/admin/assessment/mock-exams/:id/archive,assessment/mock-exams-admin.controller.ts,archive,AdminRbacGuard,,unknown,UNKNOWN,DB:write,
POST,/admin/assessment/mock-exams/:id/duplicate,assessment/mock-exams-admin.controller.ts,duplicate,AdminRbacGuard,,unknown,UNKNOWN,DB:write,
DELETE,/admin/assessment/mock-exams/:id,assessment/mock-exams-admin.controller.ts,remove,AdminRbacGuard,,unknown,UNKNOWN,DB:delete,
GET,/admin/assessment/question-bank,assessment/question-bank-admin.controller.ts,q,AdminRbacGuard,,unknown,UNKNOWN,read-only,
GET,/admin/assessment/question-bank/:id,assessment/question-bank-admin.controller.ts,detail,AdminRbacGuard,,unknown,UNKNOWN,read-only,
POST,/admin/assessment/question-bank,assessment/question-bank-admin.controller.ts,create,AdminRbacGuard,,Body:unknown,UNKNOWN,DB:insert,
PATCH,/admin/assessment/question-bank/:id,assessment/question-bank-admin.controller.ts,patch,AdminRbacGuard,,Body:unknown; Param:string,UNKNOWN,DB:update,
POST,/admin/assessment/question-bank/bulk,assessment/question-bank-admin.controller.ts,bulk,AdminRbacGuard,,unknown,UNKNOWN,DB:write,
POST,/admin/assessment/question-bank/:id/suggest-edit,assessment/question-bank-admin.controller.ts,suggestEdit,AdminRbacGuard,,unknown,UNKNOWN,DB:update,
DELETE,/admin/assessment/question-bank/:id,assessment/question-bank-admin.controller.ts,remove,AdminRbacGuard,,Body:unknown; Param:string,UNKNOWN,DB:delete,
GET,/admin/assessment/quiz-sessions,assessment/quiz-sessions-admin.controller.ts,q,AdminRbacGuard,,unknown,UNKNOWN,read-only,
GET,/admin/assessment/quiz-sessions/:id,assessment/quiz-sessions-admin.controller.ts,detail,AdminRbacGuard,,unknown,UNKNOWN,read-only,
POST,/admin/assessment/quiz-sessions/:id/abort,assessment/quiz-sessions-admin.controller.ts,session,AdminRbacGuard,,unknown,UNKNOWN,DB:write,
POST,/admin/assessment/quiz-sessions/:id/extend-time,assessment/quiz-sessions-admin.controller.ts,earlier,AdminRbacGuard,,unknown,UNKNOWN,DB:write,
GET,/admin/assessment/quiz-templates,assessment/quiz-templates-admin.controller.ts,list,AdminRbacGuard,,unknown,UNKNOWN,read-only,
GET,/admin/assessment/quiz-templates/:id,assessment/quiz-templates-admin.controller.ts,detail,AdminRbacGuard,,unknown,UNKNOWN,read-only,
POST,/admin/assessment/quiz-templates,assessment/quiz-templates-admin.controller.ts,create,AdminRbacGuard,,Body:unknown,UNKNOWN,DB:insert,
PATCH,/admin/assessment/quiz-templates/:id,assessment/quiz-templates-admin.controller.ts,patch,AdminRbacGuard,,Body:unknown; Param:string,UNKNOWN,DB:update,
POST,/admin/assessment/quiz-templates/:id/publish,assessment/quiz-templates-admin.controller.ts,publish,AdminRbacGuard,,Body:unknown; Param:string,UNKNOWN,DB:write,
POST,/admin/assessment/quiz-templates/:id/archive,assessment/quiz-templates-admin.controller.ts,archive,AdminRbacGuard,,Body:unknown; Param:string,UNKNOWN,DB:write,
POST,/admin/assessment/quiz-templates/:id/duplicate,assessment/quiz-templates-admin.controller.ts,duplicate,AdminRbacGuard,,Body:unknown; Param:string,UNKNOWN,DB:write,
DELETE,/admin/assessment/quiz-templates/:id,assessment/quiz-templates-admin.controller.ts,remove,AdminRbacGuard,,Body:unknown; Param:string,UNKNOWN,DB:delete,
GET,/admin/assessment/remediation/rules,assessment/remediation-admin.controller.ts,listRules,AdminRbacGuard,,unknown,UNKNOWN,read-only,
GET,/admin/assessment/remediation/rules/:id,assessment/remediation-admin.controller.ts,ruleDetail,AdminRbacGuard,,Param:string,UNKNOWN,read-only,
POST,/admin/assessment/remediation/rules,assessment/remediation-admin.controller.ts,createRule,AdminRbacGuard,,Body:unknown,UNKNOWN,DB:insert,
PATCH,/admin/assessment/remediation/rules/:id,assessment/remediation-admin.controller.ts,patchRule,AdminRbacGuard,,Body:unknown; Param:string,UNKNOWN,DB:update,
POST,/admin/assessment/remediation/rules/:id/enable,assessment/remediation-admin.controller.ts,enableRule,AdminRbacGuard,,Body:unknown; Param:string,UNKNOWN,DB:write,
POST,/admin/assessment/remediation/rules/:id/disable,assessment/remediation-admin.controller.ts,disableRule,AdminRbacGuard,,Body:unknown; Param:string,UNKNOWN,DB:write,
DELETE,/admin/assessment/remediation/rules/:id,assessment/remediation-admin.controller.ts,removeRule,AdminRbacGuard,,Body:unknown; Param:string,UNKNOWN,DB:delete,
GET,/admin/assessment/remediation/triggers,assessment/remediation-admin.controller.ts,listTriggers,AdminRbacGuard,,unknown,UNKNOWN,read-only,
GET,/auth/me,auth/auth.controller.ts,me,Public,,unknown,UNKNOWN,read-only,
POST,/auth/profile,auth/auth.controller.ts,syncProfile,Public,,unknown,UNKNOWN,DB:bulk-write,
GET,/auth/profile,auth/auth.controller.ts,profile,Public,,unknown,UNKNOWN,read-only,
PUT,/auth/profile,auth/auth.controller.ts,updateProfile,Public,,unknown,UNKNOWN,DB:update,
GET,/auth/identities,auth/auth.controller.ts,list,Public,,unknown,UNKNOWN,read-only,
DELETE,/auth/identities/:id,auth/auth.controller.ts,unlink,Public,,unknown,UNKNOWN,DB:write,
POST,/auth/link/exchange,auth/auth.controller.ts,exchange,Public,,unknown,UNKNOWN,DB:write,
GET,/auth/google/start,auth/google-oauth.controller.ts,linking,Public,,unknown,UNKNOWN,read-only,Custom response; Feature-gated
GET,/auth/google/callback,auth/google-oauth.controller.ts,callback,Public,,unknown,UNKNOWN,read-only,Custom response
POST,/admin/autofill/generate,autofill/autofill.controller.ts,generate,AdminRbacGuard,,unknown,UNKNOWN,DB:write,
GET,/admin/battle/abuse,battle/battle-abuse-admin.controller.ts,reports,AdminRbacGuard,,unknown,UNKNOWN,read-only,
GET,/admin/battle/abuse/:id,battle/battle-abuse-admin.controller.ts,audit,AdminRbacGuard,,unknown,UNKNOWN,read-only,
POST,/admin/battle/abuse/:id/resolve,battle/battle-abuse-admin.controller.ts,action,AdminRbacGuard,,unknown,UNKNOWN,DB:write,
POST,/admin/battle/abuse/:id/escalate,battle/battle-abuse-admin.controller.ts,queue,AdminRbacGuard,,unknown,UNKNOWN,DB:write,
GET,/admin/battle/system-parameters,battle/battle-admin.controller.ts,listSystemParameters,AdminRbacGuard,,unknown,UNKNOWN,read-only,
GET,/admin/battle/bots,battle/battle-bots-admin.controller.ts,bots,AdminRbacGuard,,unknown,UNKNOWN,read-only,
GET,/admin/battle/bots/:id,battle/battle-bots-admin.controller.ts,audit,AdminRbacGuard,,unknown,UNKNOWN,read-only,
POST,/admin/battle/bots,battle/battle-bots-admin.controller.ts,bot,AdminRbacGuard,,unknown,UNKNOWN,DB:write,
PATCH,/admin/battle/bots/:id,battle/battle-bots-admin.controller.ts,Audited,AdminRbacGuard,,unknown,UNKNOWN,DB:write,
POST,/admin/battle/bots/:id/enable,battle/battle-bots-admin.controller.ts,bot,AdminRbacGuard,,unknown,UNKNOWN,DB:write,
POST,/admin/battle/bots/:id/disable,battle/battle-bots-admin.controller.ts,bot,AdminRbacGuard,,unknown,UNKNOWN,DB:write,
POST,/admin/battle/bots/:id/archive,battle/battle-bots-admin.controller.ts,bot,AdminRbacGuard,,unknown,UNKNOWN,DB:write,
DELETE,/admin/battle/bots/:id,battle/battle-bots-admin.controller.ts,remove,AdminRbacGuard,,unknown,UNKNOWN,DB:delete,
GET,/admin/battle/configs,battle/battle-configs-admin.controller.ts,configs,AdminRbacGuard,,unknown,UNKNOWN,read-only,
GET,/admin/battle/configs/:id,battle/battle-configs-admin.controller.ts,config,AdminRbacGuard,,unknown,UNKNOWN,read-only,
POST,/admin/battle/configs,battle/battle-configs-admin.controller.ts,config,AdminRbacGuard,,unknown,UNKNOWN,DB:write,
PATCH,/admin/battle/configs/:id,battle/battle-configs-admin.controller.ts,Audited,AdminRbacGuard,,unknown,UNKNOWN,DB:write,
POST,/admin/battle/configs/:id/publish,battle/battle-configs-admin.controller.ts,Idempotent,AdminRbacGuard,,unknown,UNKNOWN,DB:write,
POST,/admin/battle/configs/:id/archive,battle/battle-configs-admin.controller.ts,archive,AdminRbacGuard,,unknown,UNKNOWN,DB:write,
POST,/admin/battle/configs/:id/duplicate,battle/battle-configs-admin.controller.ts,draft,AdminRbacGuard,,unknown,UNKNOWN,DB:write,
DELETE,/admin/battle/configs/:id,battle/battle-configs-admin.controller.ts,remove,AdminRbacGuard,,unknown,UNKNOWN,DB:delete,
GET,/admin/battle/leaderboard,battle/battle-leaderboard-admin.controller.ts,leaderboard,AdminRbacGuard,,unknown,UNKNOWN,read-only,
GET,/admin/battle/matches,battle/battle-matches-admin.controller.ts,matches,AdminRbacGuard,,unknown,UNKNOWN,read-only,
GET,/admin/battle/matches/:id,battle/battle-matches-admin.controller.ts,audit,AdminRbacGuard,,unknown,UNKNOWN,read-only,
POST,/admin/battle/matches/:id/abort,battle/battle-matches-admin.controller.ts,abort,AdminRbacGuard,,unknown,UNKNOWN,DB:write,
POST,/admin/battle/matches/:id/rerun,battle/battle-matches-admin.controller.ts,config,AdminRbacGuard,,unknown,UNKNOWN,DB:write,
GET,/battle/leaderboard,battle/battle.controller.ts,battles,KeycloakAuthGuard,,unknown,UNKNOWN,read-only,
GET,/battle/player-stats,battle/battle.controller.ts,learner,KeycloakAuthGuard,,unknown,UNKNOWN,read-only,
GET,/battle/stats,battle/battle.controller.ts,record,KeycloakAuthGuard,,unknown,UNKNOWN,read-only,
GET,/battle/bots,battle/battle.controller.ts,bots,KeycloakAuthGuard,,unknown,UNKNOWN,read-only,
GET,/battle/chat/recent,battle/battle.controller.ts,chatRecent,KeycloakAuthGuard,,unknown,UNKNOWN,read-only,
GET,/battle/sessions/recent,battle/battle.controller.ts,recent,KeycloakAuthGuard,,unknown,UNKNOWN,read-only,
GET,/battle/configs/available,battle/battle.controller.ts,active,KeycloakAuthGuard,,unknown,UNKNOWN,read-only,
GET,/bookmarks/check/:type/:id,bookmarks/bookmarks.controller.ts,check,KeycloakAuthGuard,,unknown,UNKNOWN,read-only,
POST,/bookmarks/:type/:id,bookmarks/bookmarks.controller.ts,toggle,KeycloakAuthGuard,,unknown,UNKNOWN,DB:write,
GET,/bookmarks/words,bookmarks/bookmarks.controller.ts,words,KeycloakAuthGuard,,unknown,UNKNOWN,read-only,
GET,/bookmarks/kanji,bookmarks/bookmarks.controller.ts,kanji,KeycloakAuthGuard,,unknown,UNKNOWN,read-only,
GET,/bookmarks/grammar,bookmarks/bookmarks.controller.ts,grammar,KeycloakAuthGuard,,unknown,UNKNOWN,read-only,
GET,/admin/cardgen/rules,cardgen/cardgen-admin.controller.ts,listRules,AdminRbacGuard,,unknown,UNKNOWN,read-only,
GET,/admin/cardgen/rules/:id,cardgen/cardgen-admin.controller.ts,getRule,AdminRbacGuard,,unknown,UNKNOWN,read-only,
POST,/admin/cardgen/rules,cardgen/cardgen-admin.controller.ts,createRule,AdminRbacGuard,,unknown,UNKNOWN,DB:insert,
PUT,/admin/cardgen/rules/:id,cardgen/cardgen-admin.controller.ts,updateRule,AdminRbacGuard,,unknown,UNKNOWN,DB:update,
DELETE,/admin/cardgen/rules/:id,cardgen/cardgen-admin.controller.ts,deleteRule,AdminRbacGuard,,unknown,UNKNOWN,DB:delete,
GET,/admin/cardgen/jobs,cardgen/cardgen-admin.controller.ts,listJobs,AdminRbacGuard,,unknown,UNKNOWN,read-only,
GET,/admin/cardgen/jobs/:id,cardgen/cardgen-admin.controller.ts,getJob,AdminRbacGuard,,unknown,UNKNOWN,read-only,
POST,/cardgen/generate,cardgen/cardgen.controller.ts,mode,KeycloakAuthGuard,,unknown,UNKNOWN,DB:write,
POST,/cardgen/preview,cardgen/cardgen.controller.ts,generation,KeycloakAuthGuard,,unknown,UNKNOWN,DB:write,
GET,/cardgen/jobs,cardgen/cardgen.controller.ts,listJobs,KeycloakAuthGuard,,unknown,UNKNOWN,read-only,
GET,/cardgen/jobs/:id,cardgen/cardgen.controller.ts,getJob,KeycloakAuthGuard,,unknown,UNKNOWN,read-only,
GET,/career/me,career-rpg/career-rpg.controller.ts,me,KeycloakAuthOptional,,unknown,UNKNOWN,read-only,
POST,/career/clock-in,career-rpg/career-rpg.controller.ts,clockIn,KeycloakAuthOptional,,unknown,UNKNOWN,DB:write,
GET,/career/ranks,career-rpg/career-rpg.controller.ts,ranks,KeycloakAuthOptional,,unknown,UNKNOWN,read-only,
GET,/career/inbox,career-rpg/career-rpg.controller.ts,inbox,KeycloakAuthOptional,,unknown,UNKNOWN,read-only,
PATCH,/career/me,career-rpg/career-rpg.controller.ts,updateProfile,KeycloakAuthOptional,,unknown,UNKNOWN,DB:update,
GET,/story/arcs,career-rpg/career-rpg.controller.ts,arcs,KeycloakAuthOptional,,unknown,UNKNOWN,read-only,
GET,/story/arcs/:slug,career-rpg/career-rpg.controller.ts,arcDetail,KeycloakAuthOptional,,unknown,UNKNOWN,read-only,
GET,/story/chapters/:id,career-rpg/career-rpg.controller.ts,chapter,KeycloakAuthOptional,,unknown,UNKNOWN,read-only,
POST,/story/chapters/:id/attempts,career-rpg/career-rpg.controller.ts,startAttempt,KeycloakAuthOptional,,unknown,UNKNOWN,DB:write,
POST,/story/chapters/:id/attempts/current/complete,career-rpg/career-rpg.controller.ts,completeAttempt,KeycloakAuthOptional,,unknown,UNKNOWN,DB:write,
GET,/admin/companion/config,companion/companion-admin.controller.ts,getConfig,AdminRbacGuard,,unknown,UNKNOWN,read-only,
GET,/admin/companion/tips,companion/companion-admin.controller.ts,listTips,AdminRbacGuard,,unknown,UNKNOWN,read-only,
POST,/admin/companion/tips,companion/companion-admin.controller.ts,createTip,AdminRbacGuard,,unknown,UNKNOWN,DB:insert,
PATCH,/admin/companion/tips/:id,companion/companion-admin.controller.ts,updateTip,AdminRbacGuard,,unknown,UNKNOWN,DB:update,
DELETE,/admin/companion/tips/:id,companion/companion-admin.controller.ts,deleteTip,AdminRbacGuard,,unknown,UNKNOWN,DB:delete,
GET,/companion/hint,companion/companion.controller.ts,shell,Public,,unknown,UNKNOWN,read-only,
GET,/companion/tip,companion/companion.controller.ts,tip,Public,,unknown,UNKNOWN,read-only,
GET,/companion/tip/categories,companion/companion.controller.ts,tipCategories,Public,,unknown,UNKNOWN,read-only,
POST,/companion/event,companion/companion.controller.ts,logEvent,Public,,unknown,UNKNOWN,DB:write,
GET,/scenarios,content/business-scenario.controller.ts,list,KeycloakAuthGuard,,unknown,UNKNOWN,read-only,
GET,/scenarios/:scenarioId,content/business-scenario.controller.ts,get,KeycloakAuthGuard,,unknown,UNKNOWN,read-only,
POST,/scenarios/steps/:stepId/answer,content/business-scenario.controller.ts,submitChoice,KeycloakAuthGuard,,unknown,UNKNOWN,DB:write,
POST,/scenarios/:scenarioId/complete,content/business-scenario.controller.ts,complete,KeycloakAuthGuard,,unknown,UNKNOWN,DB:write,
GET,/scenarios/:scenarioId/attempts,content/business-scenario.controller.ts,getAttempts,KeycloakAuthGuard,,unknown,UNKNOWN,read-only,
GET,/dictionary/search,content/canonical-content.controller.ts,search,Public,,unknown,UNKNOWN,read-only,
GET,/dictionary/words/:id,content/canonical-content.controller.ts,detail,Public,,unknown,UNKNOWN,read-only,
GET,/kanji,content/canonical-content.controller.ts,list,Public,,unknown,UNKNOWN,read-only,
GET,/kanji/search,content/canonical-content.controller.ts,search,Public,,unknown,UNKNOWN,read-only,StreamableFile response
GET,/kanji/:id/stroke,content/canonical-content.controller.ts,SVG,Public,,unknown,UNKNOWN,read-only,StreamableFile response
GET,/kanji/:id,content/canonical-content.controller.ts,detail,Public,,unknown,UNKNOWN,read-only,StreamableFile response
GET,/grammar,content/canonical-content.controller.ts,list,Public,,unknown,UNKNOWN,read-only,
GET,/grammar/:id,content/canonical-content.controller.ts,detail,Public,,unknown,UNKNOWN,read-only,
GET,/examples,content/canonical-content.controller.ts,list,Public,,unknown,UNKNOWN,read-only,
GET,/examples/by-word/:wordId,content/canonical-content.controller.ts,byWord,Public,,unknown,UNKNOWN,read-only,
GET,/examples/search,content/canonical-content.controller.ts,search,Public,,unknown,UNKNOWN,read-only,
GET,/vija/search,content/canonical-content.controller.ts,search,Public,,unknown,UNKNOWN,read-only,
GET,/admin/content/enrichment,content/content-enrichment-admin.controller.ts,list,AdminRbacGuard,,unknown,UNKNOWN,read-only,
GET,/admin/content/enrichment/:id,content/content-enrichment-admin.controller.ts,detail,AdminRbacGuard,,unknown,UNKNOWN,read-only,
POST,/admin/content/enrichment/:id/retry,content/content-enrichment-admin.controller.ts,retry,AdminRbacGuard,,unknown,UNKNOWN,DB:write,
POST,/admin/content/enrichment/:id/cancel,content/content-enrichment-admin.controller.ts,cancel,AdminRbacGuard,,unknown,UNKNOWN,DB:write,
POST,/admin/content/enrichment/bulk-retry,content/content-enrichment-admin.controller.ts,bulkRetry,AdminRbacGuard,,unknown,UNKNOWN,DB:write,
GET,/admin/content/qa/queue,content/content-qa-admin.controller.ts,queue,AdminRbacGuard,,unknown,UNKNOWN,read-only,
GET,/admin/content/qa/:entityType/:entityId,content/content-qa-admin.controller.ts,history,AdminRbacGuard,,unknown,UNKNOWN,read-only,
POST,/admin/content/qa/:entityType/:entityId/initialize,content/content-qa-admin.controller.ts,initialize,AdminRbacGuard,,unknown,UNKNOWN,DB:write,
POST,/admin/content/qa/:entityType/:entityId/transition,content/content-qa-admin.controller.ts,transition,AdminRbacGuard,,unknown,UNKNOWN,DB:write,
GET,/admin/content/versions,content/content-versions-admin.controller.ts,list,AdminRbacGuard,,unknown,UNKNOWN,read-only,
GET,/admin/content/versions/diff,content/content-versions-admin.controller.ts,diff,AdminRbacGuard,,unknown,UNKNOWN,read-only,
GET,/admin/content/versions/:id,content/content-versions-admin.controller.ts,detail,AdminRbacGuard,,unknown,UNKNOWN,read-only,
GET,/admin/content/:contentId/versions,content/content-versions-admin.controller.ts,historyForEntity,AdminRbacGuard,,unknown,UNKNOWN,read-only,
POST,/admin/content/versions/:id/revert,content/content-versions-admin.controller.ts,revert,AdminRbacGuard,,unknown,UNKNOWN,DB:write,
GET,/content/summary,content/content.controller.ts,summary,Public,,unknown,UNKNOWN,read-only,
GET,/content/lexemes,content/content.controller.ts,lexemes,Public,,unknown,UNKNOWN,read-only,
GET,/content/lexemes/:id,content/content.controller.ts,lexemeDetail,Public,,unknown,UNKNOWN,read-only,
GET,/content/kanji,content/content.controller.ts,kanji,Public,,unknown,UNKNOWN,read-only,
GET,/content/kanji/:id,content/content.controller.ts,kanjiDetail,Public,,unknown,UNKNOWN,read-only,
GET,/content/grammar,content/content.controller.ts,grammar,Public,,unknown,UNKNOWN,read-only,
GET,/content/grammar/:id,content/content.controller.ts,grammarDetail,Public,,unknown,UNKNOWN,read-only,
GET,/content/examples,content/content.controller.ts,examples,Public,,unknown,UNKNOWN,read-only,
GET,/daily-radar/home,daily-radar/daily-radar.controller.ts,home,Public,,unknown,UNKNOWN,read-only,
GET,/daily-radar/cards,daily-radar/daily-radar.controller.ts,cards,Public,,unknown,UNKNOWN,read-only,
GET,/daily-radar/modules,daily-radar/daily-radar.controller.ts,modules,Public,,unknown,UNKNOWN,read-only,
GET,/daily-radar/cards/:slug,daily-radar/daily-radar.controller.ts,cardBySlug,Public,,unknown,UNKNOWN,read-only,
GET,/admin/daily-radar/summary,daily-radar/daily-radar.controller.ts,summary,AdminRbacGuard,,unknown,UNKNOWN,read-only,
GET,/admin/daily-radar/modules,daily-radar/daily-radar.controller.ts,listModules,AdminRbacGuard,,"Query:Record<string, string | undefined>",UNKNOWN,read-only,
POST,/admin/daily-radar/modules,daily-radar/daily-radar.controller.ts,createModule,AdminRbacGuard,,Body:unknown,UNKNOWN,DB:insert,
GET,/admin/daily-radar/modules/:id,daily-radar/daily-radar.controller.ts,getModule,AdminRbacGuard,,Param:string,UNKNOWN,read-only,
PATCH,/admin/daily-radar/modules/:id,daily-radar/daily-radar.controller.ts,patchModule,AdminRbacGuard,,Body:unknown; Param:string,UNKNOWN,DB:update,
POST,/admin/daily-radar/modules/:id/archive,daily-radar/daily-radar.controller.ts,archiveModule,AdminRbacGuard,,Param:string,UNKNOWN,DB:write,
GET,/admin/daily-radar/cards,daily-radar/daily-radar.controller.ts,listCards,AdminRbacGuard,,"Query:Record<string, string | undefined>",UNKNOWN,read-only,
POST,/admin/daily-radar/cards,daily-radar/daily-radar.controller.ts,createCard,AdminRbacGuard,,Body:unknown,UNKNOWN,DB:insert,
GET,/admin/daily-radar/cards/:id,daily-radar/daily-radar.controller.ts,getCard,AdminRbacGuard,,Param:string,UNKNOWN,read-only,
PATCH,/admin/daily-radar/cards/:id,daily-radar/daily-radar.controller.ts,patchCard,AdminRbacGuard,,Body:unknown; Param:string,UNKNOWN,DB:update,
POST,/admin/daily-radar/cards/:id/publish,daily-radar/daily-radar.controller.ts,publishCard,AdminRbacGuard,,Body:unknown; Param:string,UNKNOWN,DB:write,
POST,/admin/daily-radar/cards/:id/archive,daily-radar/daily-radar.controller.ts,archiveCard,AdminRbacGuard,,Body:unknown; Param:string,UNKNOWN,DB:write,
POST,/admin/daily-radar/cards/:id/duplicate,daily-radar/daily-radar.controller.ts,duplicateCard,AdminRbacGuard,,Param:string,UNKNOWN,DB:write,
GET,/admin/daily/items,daily/daily-items-admin.controller.ts,items,AdminRbacGuard,,unknown,UNKNOWN,read-only,
GET,/admin/daily/items/:id,daily/daily-items-admin.controller.ts,detail,AdminRbacGuard,,unknown,UNKNOWN,read-only,
POST,/admin/daily/items,daily/daily-items-admin.controller.ts,create,AdminRbacGuard,,unknown,UNKNOWN,DB:insert,
PATCH,/admin/daily/items/:id,daily/daily-items-admin.controller.ts,patch,AdminRbacGuard,,unknown,UNKNOWN,DB:update,
POST,/admin/daily/items/:id/schedule,daily/daily-items-admin.controller.ts,schedule,AdminRbacGuard,,unknown,UNKNOWN,DB:write,
POST,/admin/daily/items/:id/publish,daily/daily-items-admin.controller.ts,publish,AdminRbacGuard,,unknown,UNKNOWN,DB:write,
POST,/admin/daily/items/:id/archive,daily/daily-items-admin.controller.ts,archive,AdminRbacGuard,,unknown,UNKNOWN,DB:write,
DELETE,/admin/daily/items/:id,daily/daily-items-admin.controller.ts,remove,AdminRbacGuard,,unknown,UNKNOWN,DB:delete,
GET,/daily/home,daily/daily.controller.ts,home,KeycloakAuthGuard,,unknown,UNKNOWN,read-only,
GET,/daily/widgets,daily/daily.controller.ts,widgets,KeycloakAuthGuard,,unknown,UNKNOWN,read-only,
GET,/daily/items/:id,daily/daily.controller.ts,getItem,KeycloakAuthGuard,,unknown,UNKNOWN,read-only,
POST,/daily/items/:id/generate-flashcards,daily/daily.controller.ts,generateFlashcards,KeycloakAuthGuard,,unknown,UNKNOWN,DB:write,
POST,/daily/items/:id/quick-quiz,daily/daily.controller.ts,quickQuiz,KeycloakAuthGuard,,unknown,UNKNOWN,DB:write,
POST,/daily/items/:id/quick-quiz/complete,daily/daily.controller.ts,quickQuizComplete,KeycloakAuthGuard,,unknown,UNKNOWN,DB:write,
POST,/daily/items/:id/mark-useful,daily/daily.controller.ts,markUseful,KeycloakAuthGuard,,unknown,UNKNOWN,DB:write,
GET,/admin/daily/widgets,daily/daily.controller.ts,widgets,AdminRbacGuard,,unknown,UNKNOWN,read-only,
PATCH,/admin/daily/widgets/:id,daily/daily.controller.ts,updateWidget,AdminRbacGuard,,unknown,UNKNOWN,DB:update,
GET,/admin/exercises/config,exercise/exercise-admin.controller.ts,listConfigs,AdminRbacGuard,,unknown,UNKNOWN,read-only,
PUT,/admin/exercises/config,exercise/exercise-admin.controller.ts,by,AdminRbacGuard,,unknown,UNKNOWN,DB:write,
DELETE,/admin/exercises/config/:id,exercise/exercise-admin.controller.ts,deleteConfig,AdminRbacGuard,,unknown,UNKNOWN,DB:delete,
GET,/admin/exercises,exercise/exercise-admin.controller.ts,listExercises,AdminRbacGuard,,unknown,UNKNOWN,read-only,
GET,/admin/exercises/:id,exercise/exercise-admin.controller.ts,getExercise,AdminRbacGuard,,unknown,UNKNOWN,read-only,
POST,/admin/exercises,exercise/exercise-admin.controller.ts,createExercise,AdminRbacGuard,,unknown,UNKNOWN,DB:insert,
PUT,/admin/exercises/:id,exercise/exercise-admin.controller.ts,updateExercise,AdminRbacGuard,,unknown,UNKNOWN,DB:update,
DELETE,/admin/exercises/:id,exercise/exercise-admin.controller.ts,deleteExercise,AdminRbacGuard,,unknown,UNKNOWN,DB:delete,
GET,/admin/exercises/analytics/performance,exercise/exercise-admin.controller.ts,getPerformanceAnalytics,AdminRbacGuard,,unknown,UNKNOWN,read-only,
GET,/exercises/generate,exercise/exercise.controller.ts,generate,KeycloakAuthGuard,,unknown,UNKNOWN,read-only,
GET,/exercises/config,exercise/exercise.controller.ts,config,KeycloakAuthGuard,,unknown,UNKNOWN,read-only,
POST,/exercises/sessions,exercise/exercise.controller.ts,startSession,KeycloakAuthGuard,,unknown,UNKNOWN,DB:write,
POST,/exercises/sessions/:id/answer,exercise/exercise.controller.ts,submitAnswer,KeycloakAuthGuard,,unknown,UNKNOWN,DB:write,
POST,/exercises/sessions/:id/complete,exercise/exercise.controller.ts,completeSession,KeycloakAuthGuard,,unknown,UNKNOWN,DB:write,
GET,/exercises/sessions/history,exercise/exercise.controller.ts,sessionHistory,KeycloakAuthGuard,,unknown,UNKNOWN,read-only,
GET,/exercises/performance,exercise/exercise.controller.ts,getPerformance,KeycloakAuthGuard,,unknown,UNKNOWN,read-only,
GET,/exercises/remediations,exercise/exercise.controller.ts,getRemediations,KeycloakAuthGuard,,unknown,UNKNOWN,read-only,
GET,/exercises/daily-progress,exercise/exercise.controller.ts,getDailyProgress,KeycloakAuthGuard,,unknown,UNKNOWN,read-only,
POST,/exercises/remediate/:exerciseId,exercise/exercise.controller.ts,manualRemediate,KeycloakAuthGuard,,unknown,UNKNOWN,DB:write,
GET,/exercises/review/due,exercise/exercise.controller.ts,getDueReviews,KeycloakAuthGuard,,unknown,UNKNOWN,read-only,
POST,/exercises/review/:exerciseId,exercise/exercise.controller.ts,exercise,KeycloakAuthGuard,,unknown,UNKNOWN,DB:write,
GET,/decks,flashcards/canonical-flashcards.controller.ts,list,KeycloakAuthGuard,,unknown,UNKNOWN,read-only,
POST,/decks,flashcards/canonical-flashcards.controller.ts,create,KeycloakAuthGuard,,unknown,UNKNOWN,DB:insert,
PATCH,/decks/:id,flashcards/canonical-flashcards.controller.ts,updateOwnedDeck,KeycloakAuthGuard,,unknown,UNKNOWN,DB:update,
GET,/decks/:id,flashcards/canonical-flashcards.controller.ts,detail,KeycloakAuthGuard,,unknown,UNKNOWN,read-only,
DELETE,/decks/:id,flashcards/canonical-flashcards.controller.ts,deck,KeycloakAuthGuard,,unknown,UNKNOWN,DB:write,
POST,/decks/:id/archive,flashcards/canonical-flashcards.controller.ts,POST,KeycloakAuthGuard,,unknown,UNKNOWN,DB:write,
GET,/decks/:deckId/cards,flashcards/canonical-flashcards.controller.ts,cards,KeycloakAuthGuard,,unknown,UNKNOWN,read-only,
POST,/decks/:deckId/cards,flashcards/canonical-flashcards.controller.ts,addCard,KeycloakAuthGuard,,unknown,UNKNOWN,DB:insert,
GET,/review/next,flashcards/canonical-flashcards.controller.ts,next,KeycloakAuthGuard,,unknown,UNKNOWN,read-only,
POST,/review,flashcards/canonical-flashcards.controller.ts,submit,KeycloakAuthGuard,,unknown,UNKNOWN,DB:write,
GET,/review/summary,flashcards/canonical-flashcards.controller.ts,summary,KeycloakAuthGuard,,unknown,UNKNOWN,read-only,
GET,/admin/flashcards/styles,flashcards/flashcard-styles-admin.controller.ts,list,AdminRbacGuard,,unknown,UNKNOWN,read-only,
GET,/admin/flashcards/styles/analytics/adoption,flashcards/flashcard-styles-admin.controller.ts,adoption,AdminRbacGuard,,unknown,UNKNOWN,read-only,
GET,/admin/flashcards/styles/:id,flashcards/flashcard-styles-admin.controller.ts,getById,AdminRbacGuard,,unknown,UNKNOWN,read-only,
POST,/admin/flashcards/styles,flashcards/flashcard-styles-admin.controller.ts,UNKNOWN,AdminRbacGuard,,unknown,UNKNOWN,DB:write,
PATCH,/admin/flashcards/styles/:id,flashcards/flashcard-styles-admin.controller.ts,update,AdminRbacGuard,,unknown,UNKNOWN,DB:update,
POST,/admin/flashcards/styles/:id/transition,flashcards/flashcard-styles-admin.controller.ts,transition,AdminRbacGuard,,unknown,UNKNOWN,DB:write,
GET,/flashcards/styles,flashcards/flashcard-styles.controller.ts,list,KeycloakAuthGuard,,unknown,UNKNOWN,read-only,
GET,/flashcards/styles/active,flashcards/flashcard-styles.controller.ts,getActive,KeycloakAuthGuard,,unknown,UNKNOWN,read-only,
PUT,/flashcards/styles/active,flashcards/flashcard-styles.controller.ts,setActive,KeycloakAuthGuard,,unknown,UNKNOWN,DB:write,
GET,/admin/flashcards/decks,flashcards/flashcards-admin.controller.ts,listDecks,AdminRbacGuard,,unknown,UNKNOWN,read-only,
POST,/admin/flashcards/decks/generate,flashcards/flashcards-admin.controller.ts,generateDeck,AdminRbacGuard,,unknown,UNKNOWN,DB:write,
GET,/admin/flashcards/decks/:id,flashcards/flashcards-admin.controller.ts,deckDetail,AdminRbacGuard,,unknown,UNKNOWN,read-only,
POST,/admin/flashcards/decks/:id/transition,flashcards/flashcards-admin.controller.ts,active,AdminRbacGuard,,unknown,UNKNOWN,DB:write,
GET,/admin/flashcards/variants,flashcards/flashcards-admin.controller.ts,listVariants,AdminRbacGuard,,unknown,UNKNOWN,read-only,
GET,/admin/flashcards/variants/:id,flashcards/flashcards-admin.controller.ts,variantDetail,AdminRbacGuard,,unknown,UNKNOWN,read-only,
PATCH,/admin/flashcards/variants/:id,flashcards/flashcards-admin.controller.ts,patchVariant,AdminRbacGuard,,unknown,UNKNOWN,DB:update,
POST,/admin/flashcards/variants/:id/transition,flashcards/flashcards-admin.controller.ts,active,AdminRbacGuard,,unknown,UNKNOWN,DB:write,
PATCH,/admin/flashcards/variants/:id/source,flashcards/flashcards-admin.controller.ts,patchVariantSource,AdminRbacGuard,,unknown,UNKNOWN,DB:update,
GET,/flashcards/decks,flashcards/flashcards.controller.ts,decks,KeycloakAuthGuard,,unknown,UNKNOWN,read-only,
DELETE,/flashcards/decks/:deckId,flashcards/flashcards.controller.ts,them,KeycloakAuthGuard,,unknown,UNKNOWN,DB:write,
POST,/flashcards/decks/:deckId/archive,flashcards/flashcards.controller.ts,deck,KeycloakAuthGuard,,unknown,UNKNOWN,DB:write,
POST,/flashcards/decks,flashcards/flashcards.controller.ts,createDeck,KeycloakAuthGuard,,unknown,UNKNOWN,DB:insert,
PATCH,/flashcards/decks/:deckId,flashcards/flashcards.controller.ts,updateOwnedDeck,KeycloakAuthGuard,,unknown,UNKNOWN,DB:update,
POST,/flashcards/decks/generate,flashcards/flashcards.controller.ts,generateDeck,KeycloakAuthGuard,,unknown,UNKNOWN,DB:write,
POST,/flashcards/decks/generate/preview,flashcards/flashcards.controller.ts,previewGenCount,KeycloakAuthGuard,,unknown,UNKNOWN,DB:write,
POST,/flashcards/cards/suggest,flashcards/flashcards.controller.ts,suggestCards,KeycloakAuthGuard,,unknown,UNKNOWN,DB:write,
POST,/flashcards/cards/from-content,flashcards/flashcards.controller.ts,createCardFromContent,KeycloakAuthGuard,,unknown,UNKNOWN,DB:insert,
GET,/flashcards/reviews/due,flashcards/flashcards.controller.ts,dueReviews,KeycloakAuthGuard,,unknown,UNKNOWN,read-only,
GET,/flashcards/reviews/comeback-summary,flashcards/flashcards.controller.ts,learner,KeycloakAuthGuard,,unknown,UNKNOWN,read-only,
GET,/flashcards/reviews/:userFlashcardId/distractors,flashcards/flashcards.controller.ts,distractors,KeycloakAuthGuard,,unknown,UNKNOWN,read-only,
POST,/flashcards/cards/:cardId/media,flashcards/flashcards.controller.ts,linkCardMedia,KeycloakAuthGuard,,unknown,UNKNOWN,DB:write,
POST,/flashcards/reviews/batch,flashcards/flashcards.controller.ts,result,KeycloakAuthGuard,,unknown,UNKNOWN,DB:write,
POST,/flashcards/reviews/:userFlashcardId,flashcards/flashcards.controller.ts,submitReview,KeycloakAuthGuard,,unknown,UNKNOWN,DB:write,
POST,/flashcards/decks/:deckId/share,flashcards/flashcards.controller.ts,shareDeck,KeycloakAuthGuard,,unknown,UNKNOWN,DB:write,
DELETE,/flashcards/decks/:deckId/share,flashcards/flashcards.controller.ts,unshareDeck,KeycloakAuthGuard,,unknown,UNKNOWN,DB:write,
POST,/flashcards/decks/clone/:token,flashcards/flashcards.controller.ts,cloneDeck,KeycloakAuthGuard,,unknown,UNKNOWN,DB:write,
GET,/admin/gamification/streaks,gamification/gamification-admin.controller.ts,listStreakConfigs,AdminRbacGuard,,unknown,UNKNOWN,read-only,
POST,/admin/gamification/streaks,gamification/gamification-admin.controller.ts,createStreakConfig,AdminRbacGuard,,unknown,UNKNOWN,DB:insert,
PUT,/admin/gamification/streaks/:id,gamification/gamification-admin.controller.ts,updateStreakConfig,AdminRbacGuard,,unknown,UNKNOWN,DB:update,
DELETE,/admin/gamification/streaks/:id,gamification/gamification-admin.controller.ts,deleteStreakConfig,AdminRbacGuard,,unknown,UNKNOWN,DB:delete,
GET,/admin/gamification/achievements,gamification/gamification-admin.controller.ts,listAchievements,AdminRbacGuard,,unknown,UNKNOWN,read-only,
GET,/admin/gamification/achievements/:id,gamification/gamification-admin.controller.ts,getAchievement,AdminRbacGuard,,unknown,UNKNOWN,read-only,
POST,/admin/gamification/achievements,gamification/gamification-admin.controller.ts,createAchievement,AdminRbacGuard,,unknown,UNKNOWN,DB:insert,
PUT,/admin/gamification/achievements/:id,gamification/gamification-admin.controller.ts,updateAchievement,AdminRbacGuard,,unknown,UNKNOWN,DB:update,
DELETE,/admin/gamification/achievements/:id,gamification/gamification-admin.controller.ts,deleteAchievement,AdminRbacGuard,,unknown,UNKNOWN,DB:delete,
GET,/admin/gamification/achievements/:achievementId/tiers,gamification/gamification-admin.controller.ts,listTiers,AdminRbacGuard,,unknown,UNKNOWN,read-only,
POST,/admin/gamification/achievements/:achievementId/tiers,gamification/gamification-admin.controller.ts,createTier,AdminRbacGuard,,unknown,UNKNOWN,DB:insert,
PUT,/admin/gamification/achievements/tiers/:id,gamification/gamification-admin.controller.ts,updateTier,AdminRbacGuard,,unknown,UNKNOWN,DB:update,
DELETE,/admin/gamification/achievements/tiers/:id,gamification/gamification-admin.controller.ts,deleteTier,AdminRbacGuard,,unknown,UNKNOWN,DB:delete,
GET,/admin/gamification/leaderboards,gamification/gamification-admin.controller.ts,listLeaderboards,AdminRbacGuard,,unknown,UNKNOWN,read-only,
POST,/admin/gamification/leaderboards,gamification/gamification-admin.controller.ts,createLeaderboard,AdminRbacGuard,,unknown,UNKNOWN,DB:insert,
PUT,/admin/gamification/leaderboards/:id,gamification/gamification-admin.controller.ts,updateLeaderboard,AdminRbacGuard,,unknown,UNKNOWN,DB:update,
DELETE,/admin/gamification/leaderboards/:id,gamification/gamification-admin.controller.ts,deleteLeaderboard,AdminRbacGuard,,unknown,UNKNOWN,DB:delete,
GET,/admin/gamification/pets,gamification/gamification-admin.controller.ts,listPets,AdminRbacGuard,,unknown,UNKNOWN,read-only,
GET,/admin/gamification/pets/stats,gamification/gamification-admin.controller.ts,petStats,AdminRbacGuard,,unknown,UNKNOWN,read-only,
GET,/admin/gamification/pets/:id,gamification/gamification-admin.controller.ts,getPet,AdminRbacGuard,,unknown,UNKNOWN,read-only,
PUT,/admin/gamification/pets/:id,gamification/gamification-admin.controller.ts,updatePet,AdminRbacGuard,,unknown,UNKNOWN,DB:update,
POST,/admin/gamification/pets/:id/reset,gamification/gamification-admin.controller.ts,resetPet,AdminRbacGuard,,unknown,UNKNOWN,DB:write,
GET,/gamification/streaks,gamification/gamification.controller.ts,getStreaks,KeycloakAuthGuard,,unknown,UNKNOWN,read-only,
POST,/gamification/streaks/record,gamification/gamification.controller.ts,activity,KeycloakAuthGuard,,unknown,UNKNOWN,DB:write,
GET,/gamification/achievements,gamification/gamification.controller.ts,getAchievementDefinitions,KeycloakAuthGuard,,unknown,UNKNOWN,read-only,
GET,/gamification/achievements/browse,gamification/gamification.controller.ts,browseAchievements,KeycloakAuthGuard,,unknown,UNKNOWN,read-only,
GET,/gamification/achievements/me,gamification/gamification.controller.ts,getMyAchievements,KeycloakAuthGuard,,unknown,UNKNOWN,read-only,
GET,/gamification/achievements/me/earned,gamification/gamification.controller.ts,getMyEarnedAchievements,KeycloakAuthGuard,,unknown,UNKNOWN,read-only,
GET,/gamification/achievements/me/pending,gamification/gamification.controller.ts,getPendingAchievements,KeycloakAuthGuard,,unknown,UNKNOWN,read-only,
POST,/gamification/achievements/me/acknowledge,gamification/gamification.controller.ts,acknowledgeAchievements,KeycloakAuthGuard,,unknown,UNKNOWN,DB:write,
GET,/gamification/leaderboards,gamification/gamification.controller.ts,listLeaderboards,KeycloakAuthGuard,,unknown,UNKNOWN,read-only,
GET,/gamification/leaderboards/:id,gamification/gamification.controller.ts,getLeaderboard,KeycloakAuthGuard,,unknown,UNKNOWN,read-only,
GET,/gamification/leaderboards/:id/me,gamification/gamification.controller.ts,getMyRank,KeycloakAuthGuard,,unknown,UNKNOWN,read-only,
GET,/gamification/study-goal,gamification/gamification.controller.ts,getStudyGoal,KeycloakAuthGuard,,unknown,UNKNOWN,read-only,
POST,/gamification/study-goal,gamification/gamification.controller.ts,setStudyGoal,KeycloakAuthGuard,,unknown,UNKNOWN,DB:write,
GET,/gamification/study-plan/today,gamification/gamification.controller.ts,plan,KeycloakAuthGuard,,unknown,UNKNOWN,read-only,
POST,/gamification/study-plan/progress,gamification/gamification.controller.ts,recordProgress,KeycloakAuthGuard,,unknown,UNKNOWN,DB:write,
GET,/gamification/login-bonus,gamification/gamification.controller.ts,getLoginBonus,KeycloakAuthGuard,,unknown,UNKNOWN,read-only,
POST,/gamification/login-bonus/claim,gamification/gamification.controller.ts,claimLoginBonus,KeycloakAuthGuard,,unknown,UNKNOWN,DB:write,
POST,/gamification/focus/start,gamification/gamification.controller.ts,startFocus,KeycloakAuthGuard,,unknown,UNKNOWN,DB:write,
POST,/gamification/focus/end,gamification/gamification.controller.ts,endFocus,KeycloakAuthGuard,,unknown,UNKNOWN,DB:write,
GET,/gamification/focus/today,gamification/gamification.controller.ts,focusToday,KeycloakAuthGuard,,unknown,UNKNOWN,read-only,
GET,/gamification/focus/weekly,gamification/gamification.controller.ts,focusWeekly,KeycloakAuthGuard,,unknown,UNKNOWN,read-only,
GET,/gamification/mystery-box/status,gamification/gamification.controller.ts,mysteryBoxStatus,KeycloakAuthGuard,,unknown,UNKNOWN,read-only,
POST,/gamification/mystery-box/open,gamification/gamification.controller.ts,openMysteryBox,KeycloakAuthGuard,,unknown,UNKNOWN,DB:write,
GET,/gamification/mystery-box/history,gamification/gamification.controller.ts,mysteryBoxHistory,KeycloakAuthGuard,,unknown,UNKNOWN,read-only,
GET,/gamification/pet,gamification/gamification.controller.ts,getPet,KeycloakAuthGuard,,unknown,UNKNOWN,read-only,
POST,/gamification/pet/feed,gamification/gamification.controller.ts,feedPet,KeycloakAuthGuard,,unknown,UNKNOWN,DB:write,
POST,/gamification/pet/rename,gamification/gamification.controller.ts,renamePet,KeycloakAuthGuard,,unknown,UNKNOWN,DB:write,
GET,/gamification/pet/costumes,gamification/gamification.controller.ts,getPetCostumes,KeycloakAuthGuard,,unknown,UNKNOWN,read-only,
GET,/gamification/comeback/check,gamification/gamification.controller.ts,experience,KeycloakAuthGuard,,unknown,UNKNOWN,read-only,
POST,/gamification/comeback/activate,gamification/gamification.controller.ts,plan,KeycloakAuthGuard,,unknown,UNKNOWN,DB:write,
GET,/gamification/comeback/summary,gamification/gamification.controller.ts,getComebackSummary,KeycloakAuthGuard,,unknown,UNKNOWN,read-only,
GET,/gamification/events,gamification/seasonal-event.controller.ts,getActiveEvents,KeycloakAuthGuard,,unknown,UNKNOWN,read-only,
GET,/gamification/events/:eventId,gamification/seasonal-event.controller.ts,getEvent,KeycloakAuthGuard,,unknown,UNKNOWN,read-only,
POST,/gamification/events/:eventId/join,gamification/seasonal-event.controller.ts,joinEvent,KeycloakAuthGuard,,unknown,UNKNOWN,DB:write,
GET,/gamification/study-groups,gamification/study-group.controller.ts,listMyGroups,KeycloakAuthGuard,,unknown,UNKNOWN,read-only,
GET,/gamification/study-groups/discover,gamification/study-group.controller.ts,discoverGroups,KeycloakAuthGuard,,unknown,UNKNOWN,read-only,Raw body
POST,/gamification/study-groups,gamification/study-group.controller.ts,createGroup,KeycloakAuthGuard,,unknown,UNKNOWN,DB:insert,Raw body
GET,/gamification/study-groups/:groupId,gamification/study-group.controller.ts,getGroup,KeycloakAuthGuard,,unknown,UNKNOWN,read-only,Raw body
PATCH,/gamification/study-groups/:groupId,gamification/study-group.controller.ts,updateGroup,KeycloakAuthGuard,,unknown,UNKNOWN,DB:update,Raw body
POST,/gamification/study-groups/:groupId/join,gamification/study-group.controller.ts,joinGroup,KeycloakAuthGuard,,unknown,UNKNOWN,DB:write,
POST,/gamification/study-groups/:groupId/leave,gamification/study-group.controller.ts,leaveGroup,KeycloakAuthGuard,,unknown,UNKNOWN,DB:write,Raw body
POST,/gamification/study-groups/:groupId/invites,gamification/study-group.controller.ts,inviteMember,KeycloakAuthGuard,,unknown,UNKNOWN,DB:write,Raw body
POST,/gamification/study-groups/:groupId/kick,gamification/study-group.controller.ts,kickMember,KeycloakAuthGuard,,unknown,UNKNOWN,DB:write,Raw body
POST,/gamification/study-groups/:groupId/transfer-ownership,gamification/study-group.controller.ts,transferOwnership,KeycloakAuthGuard,,unknown,UNKNOWN,DB:write,Raw body
POST,/gamification/study-groups/:groupId/archive,gamification/study-group.controller.ts,archiveGroup,KeycloakAuthGuard,,unknown,UNKNOWN,DB:write,
GET,/gamification/study-groups/:groupId/challenges,gamification/study-group.controller.ts,listChallenges,KeycloakAuthGuard,,unknown,UNKNOWN,read-only,Raw body
POST,/gamification/study-groups/:groupId/challenges,gamification/study-group.controller.ts,createChallenge,KeycloakAuthGuard,,unknown,UNKNOWN,DB:insert,Raw body
GET,/gamification/social/friends,gamification/study-group.controller.ts,listFriends,KeycloakAuthGuard,,unknown,UNKNOWN,read-only,Raw body
POST,/gamification/social/friends/request,gamification/study-group.controller.ts,sendFriendRequest,KeycloakAuthGuard,,unknown,UNKNOWN,External:notification,Raw body
POST,/gamification/social/friends/requests/:connectionId/respond,gamification/study-group.controller.ts,respondToFriendRequest,KeycloakAuthGuard,,unknown,UNKNOWN,DB:write,Raw body
DELETE,/gamification/social/friends/:peerUserId,gamification/study-group.controller.ts,removeFriend,KeycloakAuthGuard,,unknown,UNKNOWN,DB:delete,Raw body
POST,/gamification/social/blocks,gamification/study-group.controller.ts,blockUser,KeycloakAuthGuard,,unknown,UNKNOWN,DB:write,Raw body
GET,/admin/growth/share-templates,growth/growth-admin.controller.ts,templates,AdminRbacGuard,,unknown,UNKNOWN,read-only,
GET,/admin/growth/referral-share-analytics,growth/growth-admin.controller.ts,events,AdminRbacGuard,,unknown,UNKNOWN,read-only,
POST,/admin/growth/share-template/preview,growth/growth-admin.controller.ts,preview,AdminRbacGuard,,unknown,UNKNOWN,DB:write,
GET,/admin/growth/campaigns,growth/growth-campaigns-admin.controller.ts,campaigns,AdminRbacGuard,,unknown,UNKNOWN,read-only,
GET,/admin/growth/campaigns/audience-estimate,growth/growth-campaigns-admin.controller.ts,audienceEstimate,AdminRbacGuard,,unknown,UNKNOWN,read-only,
GET,/admin/growth/campaigns/:id,growth/growth-campaigns-admin.controller.ts,detail,AdminRbacGuard,,unknown,UNKNOWN,read-only,
POST,/admin/growth/campaigns,growth/growth-campaigns-admin.controller.ts,create,AdminRbacGuard,,unknown,UNKNOWN,DB:insert,
PATCH,/admin/growth/campaigns/:id,growth/growth-campaigns-admin.controller.ts,patch,AdminRbacGuard,,unknown,UNKNOWN,DB:update,
POST,/admin/growth/campaigns/:id/schedule,growth/growth-campaigns-admin.controller.ts,schedule,AdminRbacGuard,,unknown,UNKNOWN,DB:write,
POST,/admin/growth/campaigns/:id/activate,growth/growth-campaigns-admin.controller.ts,activate,AdminRbacGuard,,unknown,UNKNOWN,DB:write,
POST,/admin/growth/campaigns/:id/end,growth/growth-campaigns-admin.controller.ts,end,AdminRbacGuard,,unknown,UNKNOWN,DB:write,
POST,/admin/growth/campaigns/:id/archive,growth/growth-campaigns-admin.controller.ts,archive,AdminRbacGuard,,unknown,UNKNOWN,DB:write,
POST,/admin/growth/campaigns/:id/duplicate,growth/growth-campaigns-admin.controller.ts,duplicate,AdminRbacGuard,,unknown,UNKNOWN,DB:write,
GET,/admin/growth/postcards,growth/growth-postcards-admin.controller.ts,list,AdminRbacGuard,,unknown,UNKNOWN,read-only,
GET,/admin/growth/postcards/:id,growth/growth-postcards-admin.controller.ts,detail,AdminRbacGuard,,unknown,UNKNOWN,read-only,
POST,/admin/growth/postcards,growth/growth-postcards-admin.controller.ts,create,AdminRbacGuard,,unknown,UNKNOWN,DB:insert,
PATCH,/admin/growth/postcards/:id,growth/growth-postcards-admin.controller.ts,patch,AdminRbacGuard,,unknown,UNKNOWN,DB:update,
POST,/admin/growth/postcards/:id/publish,growth/growth-postcards-admin.controller.ts,Publish,AdminRbacGuard,,unknown,UNKNOWN,DB:write,
POST,/admin/growth/postcards/:id/archive,growth/growth-postcards-admin.controller.ts,archive,AdminRbacGuard,,unknown,UNKNOWN,DB:write,
GET,/admin/growth/referrals,growth/growth-referrals-admin.controller.ts,list,AdminRbacGuard,,unknown,UNKNOWN,read-only,
GET,/admin/growth/referrals/:id,growth/growth-referrals-admin.controller.ts,detail,AdminRbacGuard,,unknown,UNKNOWN,read-only,
POST,/admin/growth/referrals/:id/revoke,growth/growth-referrals-admin.controller.ts,revoke,AdminRbacGuard,,unknown,UNKNOWN,DB:write,
GET,/admin/growth/social/templates,growth/growth-social-admin.controller.ts,listTemplates,AdminRbacGuard,,unknown,UNKNOWN,read-only,
GET,/admin/growth/social/templates/:id,growth/growth-social-admin.controller.ts,detailTemplate,AdminRbacGuard,,unknown,UNKNOWN,read-only,
POST,/admin/growth/social/templates,growth/growth-social-admin.controller.ts,createTemplate,AdminRbacGuard,,unknown,UNKNOWN,DB:insert,
PATCH,/admin/growth/social/templates/:id,growth/growth-social-admin.controller.ts,patchTemplate,AdminRbacGuard,,unknown,UNKNOWN,DB:update,
POST,/admin/growth/social/templates/:id/publish,growth/growth-social-admin.controller.ts,publishTemplate,AdminRbacGuard,,unknown,UNKNOWN,DB:write,
POST,/admin/growth/social/templates/:id/archive,growth/growth-social-admin.controller.ts,archiveTemplate,AdminRbacGuard,,unknown,UNKNOWN,DB:write,
GET,/admin/growth/social/events,growth/growth-social-admin.controller.ts,log,AdminRbacGuard,,unknown,UNKNOWN,read-only,
POST,/admin/growth/social/events/:id/moderate,growth/growth-social-admin.controller.ts,moderate,AdminRbacGuard,,unknown,UNKNOWN,DB:write,
GET,/learner/referral,growth/learner-growth.controller.ts,referralCode,KeycloakAuthGuard,,unknown,UNKNOWN,read-only,Feature-gated
POST,/learner/share,growth/learner-growth.controller.ts,createShare,KeycloakAuthGuard,,unknown,UNKNOWN,DB:insert,
GET,/learner/share/templates,growth/learner-growth.controller.ts,shareTemplates,KeycloakAuthGuard,,unknown,UNKNOWN,read-only,
GET,/learner/share/preview,growth/learner-growth.controller.ts,sharePreview,KeycloakAuthGuard,,unknown,UNKNOWN,read-only,
POST,/learner/shares/achievement,growth/learner-growth.controller.ts,createAchievementShare,KeycloakAuthGuard,,unknown,UNKNOWN,DB:insert,
POST,/learner/shares/streak,growth/learner-growth.controller.ts,createStreakShare,KeycloakAuthGuard,,unknown,UNKNOWN,DB:insert,
POST,/learner/shares/pet-evolution,growth/learner-growth.controller.ts,createPetEvolutionShare,KeycloakAuthGuard,,unknown,UNKNOWN,DB:insert,
GET,/public/shares/:token,growth/public-growth.controller.ts,metadata,Public,,unknown,UNKNOWN,read-only,
GET,/public/shares/:token/image,growth/public-growth.controller.ts,shareImage,Public,,unknown,UNKNOWN,read-only,Custom response
GET,/public/referral/:code,growth/public-growth.controller.ts,referralLanding,Public,,unknown,UNKNOWN,read-only,Custom response
GET,/public/decks/:token,growth/public-growth.controller.ts,publicDeckPreview,Public,,unknown,UNKNOWN,read-only,
GET,/health/live,health/health.controller.ts,live,Public,,unknown,UNKNOWN,read-only,
GET,/health/ready,health/health.controller.ts,checks,Public,,unknown,UNKNOWN,read-only,
GET,/health/version,health/health.controller.ts,version,Public,,unknown,UNKNOWN,read-only,
GET,/learner/onboarding,learner/learner.controller.ts,getOnboarding,KeycloakAuthGuard,,unknown,UNKNOWN,read-only,
POST,/learner/placement/start,learner/learner.controller.ts,startPlacement,KeycloakAuthGuard,,unknown,UNKNOWN,DB:write,
POST,/learner/placement/submit,learner/learner.controller.ts,submitPlacement,KeycloakAuthGuard,,unknown,UNKNOWN,DB:write,
GET,/learner/notification-preferences,learner/learner.controller.ts,getNotifPreferences,KeycloakAuthGuard,,unknown,UNKNOWN,read-only,
PUT,/learner/notification-preferences,learner/learner.controller.ts,putNotifPreferences,KeycloakAuthGuard,,unknown,UNKNOWN,DB:write,
GET,/learner/in-app-notifications,learner/learner.controller.ts,listInApp,KeycloakAuthGuard,,unknown,UNKNOWN,read-only,
POST,/learner/in-app-notifications/:id/read,learner/learner.controller.ts,markRead,KeycloakAuthGuard,,unknown,UNKNOWN,DB:write,
POST,/learner/privacy/requests,learner/learner.controller.ts,createPrivacyRequest,KeycloakAuthGuard,,unknown,UNKNOWN,DB:insert,
GET,/learner/privacy/requests,learner/learner.controller.ts,listPrivacy,KeycloakAuthGuard,,unknown,UNKNOWN,read-only,
GET,/admin/learning/competencies,learning/learning-competencies-admin.controller.ts,list,AdminRbacGuard,,unknown,UNKNOWN,read-only,
GET,/admin/learning/competencies/:id,learning/learning-competencies-admin.controller.ts,detail,AdminRbacGuard,,unknown,UNKNOWN,read-only,
POST,/admin/learning/competencies,learning/learning-competencies-admin.controller.ts,create,AdminRbacGuard,,unknown,UNKNOWN,DB:insert,
PATCH,/admin/learning/competencies/:id,learning/learning-competencies-admin.controller.ts,patch,AdminRbacGuard,,unknown,UNKNOWN,DB:update,
POST,/admin/learning/competencies/:id/publish,learning/learning-competencies-admin.controller.ts,publish,AdminRbacGuard,,unknown,UNKNOWN,DB:write,
POST,/admin/learning/competencies/:id/archive,learning/learning-competencies-admin.controller.ts,archive,AdminRbacGuard,,unknown,UNKNOWN,DB:write,
DELETE,/admin/learning/competencies/:id,learning/learning-competencies-admin.controller.ts,remove,AdminRbacGuard,,unknown,UNKNOWN,DB:delete,
GET,/admin/learning/paths,learning/learning-paths-admin.controller.ts,paths,AdminRbacGuard,,unknown,UNKNOWN,read-only,
GET,/admin/learning/paths/:id,learning/learning-paths-admin.controller.ts,detail,AdminRbacGuard,,unknown,UNKNOWN,read-only,
POST,/admin/learning/paths,learning/learning-paths-admin.controller.ts,create,AdminRbacGuard,,unknown,UNKNOWN,DB:insert,
PATCH,/admin/learning/paths/:id,learning/learning-paths-admin.controller.ts,patch,AdminRbacGuard,,unknown,UNKNOWN,DB:update,
POST,/admin/learning/paths/:id/publish,learning/learning-paths-admin.controller.ts,publish,AdminRbacGuard,,unknown,UNKNOWN,DB:write,
POST,/admin/learning/paths/:id/archive,learning/learning-paths-admin.controller.ts,archive,AdminRbacGuard,,unknown,UNKNOWN,DB:write,
POST,/admin/learning/paths/:id/duplicate,learning/learning-paths-admin.controller.ts,duplicate,AdminRbacGuard,,unknown,UNKNOWN,DB:write,
DELETE,/admin/learning/paths/:id,learning/learning-paths-admin.controller.ts,remove,AdminRbacGuard,,unknown,UNKNOWN,DB:delete,
GET,/admin/learning/review/summary,learning/learning-review-admin.controller.ts,summary,AdminRbacGuard,,unknown,UNKNOWN,read-only,
GET,/admin/learning/review/retention-curve,learning/learning-review-admin.controller.ts,retentionCurve,AdminRbacGuard,,unknown,UNKNOWN,read-only,
GET,/admin/learning/review/problem-cards,learning/learning-review-admin.controller.ts,cards,AdminRbacGuard,,unknown,UNKNOWN,read-only,
GET,/admin/learning/review/cards/:id,learning/learning-review-admin.controller.ts,detail,AdminRbacGuard,,unknown,UNKNOWN,read-only,
POST,/admin/learning/review/cards/:id/force-reintroduce,learning/learning-review-admin.controller.ts,forceReintroduce,AdminRbacGuard,,unknown,UNKNOWN,DB:write,
GET,/legal/consent/status,legal/legal-consent.controller.ts,status,KeycloakAuthGuard,,unknown,UNKNOWN,read-only,
POST,/legal/consent/accept,legal/legal-consent.controller.ts,accept,KeycloakAuthGuard,,unknown,UNKNOWN,DB:write,
GET,/legal/consent/history,legal/legal-consent.controller.ts,history,KeycloakAuthGuard,,unknown,UNKNOWN,read-only,
GET,/admin/legal/cookie-categories,legal/legal-cookie-category-admin.controller.ts,list,AdminRbacGuard,,unknown,UNKNOWN,read-only,
GET,/legal/tokusho,legal/legal-info.controller.ts,tokusho,Public,,unknown,UNKNOWN,read-only,
GET,/legal/cookies,legal/legal-info.controller.ts,cookies,Public,,unknown,UNKNOWN,read-only,
GET,/legal/terms,legal/legal-info.controller.ts,terms,Public,,unknown,UNKNOWN,read-only,
GET,/legal/privacy,legal/legal-info.controller.ts,privacy,Public,,unknown,UNKNOWN,read-only,
GET,/admin/legal/policies,legal/legal-policy-admin.controller.ts,list,AdminRbacGuard,,unknown,UNKNOWN,read-only,
GET,/admin/legal/policies/:id,legal/legal-policy-admin.controller.ts,detail,AdminRbacGuard,,unknown,UNKNOWN,read-only,
GET,/admin/legal/policies/:id/diff,legal/legal-policy-admin.controller.ts,diff,AdminRbacGuard,,unknown,UNKNOWN,read-only,
POST,/admin/legal/policies,legal/legal-policy-admin.controller.ts,create,AdminRbacGuard,,unknown,UNKNOWN,DB:insert,
PATCH,/admin/legal/policies/:id,legal/legal-policy-admin.controller.ts,update,AdminRbacGuard,,unknown,UNKNOWN,DB:update,
PATCH,/admin/legal/policies/:id/publish,legal/legal-policy-admin.controller.ts,version,AdminRbacGuard,,unknown,UNKNOWN,DB:write,
PATCH,/admin/legal/policies/:id/archive,legal/legal-policy-admin.controller.ts,archive,AdminRbacGuard,,unknown,UNKNOWN,DB:write,
POST,/admin/legal/policies/:id/duplicate,legal/legal-policy-admin.controller.ts,draft,AdminRbacGuard,,unknown,UNKNOWN,DB:write,
DELETE,/admin/legal/policies/:id,legal/legal-policy-admin.controller.ts,remove,AdminRbacGuard,,unknown,UNKNOWN,DB:delete,
GET,/admin/legal/retention,legal/legal-retention-admin.controller.ts,list,AdminRbacGuard,,unknown,UNKNOWN,read-only,
GET,/admin/magazine/loto/predictions,magazine/loto/loto-hub-admin.controller.ts,list,AdminRbacGuard,,unknown,UNKNOWN,read-only,
PUT,/admin/magazine/loto/predictions/:id/approve,magazine/loto/loto-hub-admin.controller.ts,approve,AdminRbacGuard,,unknown,UNKNOWN,DB:write,
PUT,/admin/magazine/loto/predictions/:id/reject,magazine/loto/loto-hub-admin.controller.ts,reject,AdminRbacGuard,,unknown,UNKNOWN,DB:write,
POST,/admin/magazine/loto/predictions/results,magazine/loto/loto-hub-admin.controller.ts,UNKNOWN,AdminRbacGuard,,unknown,UNKNOWN,DB:write,
GET,/admin/magazine/loto/predictions/analytics,magazine/loto/loto-hub-admin.controller.ts,analytics,AdminRbacGuard,,unknown,UNKNOWN,read-only,
GET,/magazine/loto/feed,magazine/loto/loto-hub.controller.ts,feed,KeycloakAuthGuard,,unknown,UNKNOWN,read-only,
GET,/magazine/loto/next-draw,magazine/loto/loto-hub.controller.ts,nextDraw,KeycloakAuthGuard,,unknown,UNKNOWN,read-only,
GET,/magazine/loto/stats,magazine/loto/loto-hub.controller.ts,stats,KeycloakAuthGuard,,unknown,UNKNOWN,read-only,
GET,/admin/magazine/loto/summary,magazine/loto/loto-lab-admin.controller.ts,summary,AdminRbacGuard,,unknown,UNKNOWN,read-only,
GET,/admin/magazine/loto/draws,magazine/loto/loto-lab-admin.controller.ts,draws,AdminRbacGuard,,unknown,UNKNOWN,read-only,
POST,/admin/magazine/loto/import-csv,magazine/loto/loto-lab-admin.controller.ts,UNKNOWN,AdminRbacGuard,,unknown,UNKNOWN,DB:write,
POST,/admin/magazine/loto/sync,magazine/loto/loto-lab-admin.controller.ts,sync,AdminRbacGuard,,unknown,UNKNOWN,DB:bulk-write,
POST,/admin/magazine/loto/autopilot,magazine/loto/loto-lab-admin.controller.ts,autopilot,AdminRbacGuard,,unknown,UNKNOWN,DB:write,
POST,/admin/magazine/loto/generate,magazine/loto/loto-lab-admin.controller.ts,generate,AdminRbacGuard,,unknown,UNKNOWN,DB:write,
POST,/admin/magazine/loto/publish,magazine/loto/loto-lab-admin.controller.ts,UNKNOWN,AdminRbacGuard,,unknown,UNKNOWN,DB:write,
GET,/admin/magazine,magazine/magazine-admin.controller.ts,list,AdminRbacGuard,,unknown,UNKNOWN,read-only,
POST,/admin/magazine/generate,magazine/magazine-admin.controller.ts,generate,AdminRbacGuard,,unknown,,DB:write,
POST,/admin/magazine/:id/regenerate,magazine/magazine-admin.controller.ts,regenerate,AdminRbacGuard,,unknown,,DB:write,
DELETE,/admin/magazine/:id,magazine/magazine-admin.controller.ts,remove,AdminRbacGuard,,unknown,UNKNOWN,DB:delete,
GET,/magazine,magazine/magazine.controller.ts,list,Public,,unknown,UNKNOWN,read-only,
GET,/magazine/today,magazine/magazine.controller.ts,today,Public,,unknown,UNKNOWN,read-only,
GET,/magazine/:slug,magazine/magazine.controller.ts,getBySlug,Public,,unknown,UNKNOWN,read-only,
POST,/magazine/:slug/read,magazine/magazine.controller.ts,markRead,Public,,unknown,UNKNOWN,DB:write,
GET,/admin/media,media/media-admin.controller.ts,list,AdminRbacGuard,,unknown,UNKNOWN,read-only,
GET,/admin/media/:id,media/media-admin.controller.ts,detail,AdminRbacGuard,,unknown,UNKNOWN,read-only,
PATCH,/admin/media/:id/metadata,media/media-admin.controller.ts,updateMetadata,AdminRbacGuard,,unknown,UNKNOWN,DB:update,
DELETE,/admin/media/:id,media/media-admin.controller.ts,softDelete,AdminRbacGuard,,unknown,UNKNOWN,DB:delete,
POST,/admin/media/upload,media/media-admin.controller.ts,directUpload,AdminRbacGuard,,unknown,,Storage:write,
POST,/media/search-images,media/media.controller.ts,searchImages,KeycloakAuthGuard,,unknown,UNKNOWN,DB:write,
POST,/media/proxy-image,media/media.controller.ts,proxyImage,KeycloakAuthGuard,,unknown,UNKNOWN,DB:write,
POST,/media/presign-upload,media/media.controller.ts,presign,KeycloakAuthGuard,,unknown,UNKNOWN,DB:write,
POST,/media/complete-upload,media/media.controller.ts,completeUpload,KeycloakAuthGuard,,unknown,UNKNOWN,Storage:write,
POST,/media/assets/:assetId/rights-metadata,media/media.controller.ts,updateRightsMetadata,KeycloakAuthGuard,,unknown,UNKNOWN,DB:update,
GET,/media/assets/:assetId/read-url,media/media.controller.ts,readUrl,KeycloakAuthGuard,,unknown,UNKNOWN,read-only,
GET,/admin/ads/overview,monetization/ads/ads-admin.controller.ts,overview,AdminRbacGuard,,unknown,UNKNOWN,read-only,
GET,/admin/ads/placements,monetization/ads/ads-admin.controller.ts,listPlacements,AdminRbacGuard,,unknown,UNKNOWN,read-only,
POST,/admin/ads/placements,monetization/ads/ads-admin.controller.ts,createPlacement,AdminRbacGuard,,unknown,UNKNOWN,DB:insert,
PATCH,/admin/ads/placements/:id,monetization/ads/ads-admin.controller.ts,patchPlacement,AdminRbacGuard,,unknown,UNKNOWN,DB:update,
GET,/admin/ads/campaigns,monetization/ads/ads-admin.controller.ts,listCampaigns,AdminRbacGuard,,unknown,UNKNOWN,read-only,
POST,/admin/ads/campaigns,monetization/ads/ads-admin.controller.ts,createCampaign,AdminRbacGuard,,unknown,UNKNOWN,DB:insert,
PATCH,/admin/ads/campaigns/:id,monetization/ads/ads-admin.controller.ts,patchCampaign,AdminRbacGuard,,unknown,UNKNOWN,DB:update,
GET,/admin/ads/providers,monetization/ads/ads-admin.controller.ts,listProviders,AdminRbacGuard,,unknown,UNKNOWN,read-only,
PATCH,/admin/ads/providers/:key,monetization/ads/ads-admin.controller.ts,patchProvider,AdminRbacGuard,,unknown,UNKNOWN,DB:update,
GET,/admin/ads/rules,monetization/ads/ads-admin.controller.ts,listRules,AdminRbacGuard,,unknown,UNKNOWN,read-only,
POST,/admin/ads/rules,monetization/ads/ads-admin.controller.ts,postRule,AdminRbacGuard,,unknown,UNKNOWN,DB:write,
GET,/admin/ads/performance,monetization/ads/ads-admin.controller.ts,performance,AdminRbacGuard,,unknown,UNKNOWN,read-only,
GET,/admin/ads/audit,monetization/ads/ads-admin.controller.ts,audit,AdminRbacGuard,,unknown,UNKNOWN,read-only,
POST,/ads/decision,monetization/ads/ads-runtime.controller.ts,decision,KeycloakAuthGuard,,unknown,UNKNOWN,DB:write,Feature-gated
POST,/ads/impression,monetization/ads/ads-runtime.controller.ts,impression,KeycloakAuthGuard,,unknown,UNKNOWN,DB:write,
POST,/ads/click,monetization/ads/ads-runtime.controller.ts,click,KeycloakAuthGuard,,unknown,UNKNOWN,DB:write,
POST,/admin/billing/webhook,monetization/billing/billing-webhook.controller.ts,webhook,AdminRbacGuard,,unknown,UNKNOWN,DB:write,
GET,/admin/billing/webhook,monetization/billing/billing-webhook.controller.ts,list,AdminRbacGuard,,unknown,UNKNOWN,read-only,
GET,/admin/billing/webhook/:id/raw,monetization/billing/billing-webhook.controller.ts,payload,AdminRbacGuard,,unknown,UNKNOWN,read-only,
POST,/webhooks/stripe,monetization/billing/stripe-webhook.controller.ts,handleStripeWebhook,Public,,unknown,UNKNOWN,DB:write,Raw body
GET,/learner/monetization/summary,monetization/learner-monetization.controller.ts,summary,KeycloakAuthGuard,,unknown,UNKNOWN,read-only,
GET,/learner/monetization/plans,monetization/learner-monetization.controller.ts,listPlans,KeycloakAuthGuard,,unknown,UNKNOWN,read-only,
POST,/learner/monetization/checkout,monetization/learner-monetization.controller.ts,checkout,KeycloakAuthGuard,,unknown,UNKNOWN,DB:write,
GET,/learner/monetization/ad,monetization/learner-monetization.controller.ts,placement,KeycloakAuthGuard,,unknown,UNKNOWN,read-only,
POST,/learner/monetization/paywall,monetization/learner-monetization.controller.ts,paywall,KeycloakAuthGuard,,unknown,UNKNOWN,DB:write,
GET,/learner/monetization/subscription,monetization/learner-monetization.controller.ts,subscription,KeycloakAuthGuard,,unknown,UNKNOWN,read-only,
POST,/learner/monetization/subscription/cancel,monetization/learner-monetization.controller.ts,cancelSubscription,KeycloakAuthGuard,,unknown,UNKNOWN,DB:write,
GET,/admin/monetization/summary,monetization/monetization-admin.controller.ts,summary,AdminRbacGuard,,unknown,UNKNOWN,read-only,Feature-gated
GET,/admin/monetization/overview,monetization/monetization-admin.controller.ts,overview,AdminRbacGuard,,unknown,UNKNOWN,read-only,
GET,/admin/monetization/analytics,monetization/monetization-admin.controller.ts,monetizationAnalytics,AdminRbacGuard,,unknown,UNKNOWN,read-only,
GET,/admin/monetization/audit,monetization/monetization-admin.controller.ts,audit,AdminRbacGuard,,unknown,UNKNOWN,read-only,
GET,/admin/monetization/plans,monetization/monetization-admin.controller.ts,listPlans,AdminRbacGuard,,unknown,UNKNOWN,read-only,
POST,/admin/monetization/plans,monetization/monetization-admin.controller.ts,createPlan,AdminRbacGuard,,unknown,UNKNOWN,DB:insert,
PATCH,/admin/monetization/plans/:id,monetization/monetization-admin.controller.ts,updatePlan,AdminRbacGuard,,unknown,UNKNOWN,DB:update,
GET,/admin/monetization/entitlements,monetization/monetization-admin.controller.ts,listEntitlements,AdminRbacGuard,,unknown,UNKNOWN,read-only,
POST,/admin/monetization/entitlements,monetization/monetization-admin.controller.ts,createEntitlement,AdminRbacGuard,,unknown,UNKNOWN,DB:insert,
POST,/admin/monetization/plans/:planId/entitlements,monetization/monetization-admin.controller.ts,linkEntitlement,AdminRbacGuard,,unknown,UNKNOWN,DB:write,
DELETE,/admin/monetization/plans/:planId/entitlements/:entitlementId,monetization/monetization-admin.controller.ts,unlinkEntitlement,AdminRbacGuard,,unknown,UNKNOWN,DB:write,
GET,/admin/monetization/quotas,monetization/monetization-admin.controller.ts,listQuotas,AdminRbacGuard,,unknown,UNKNOWN,read-only,
POST,/admin/monetization/quotas/policies,monetization/monetization-admin.controller.ts,createQuotaPolicy,AdminRbacGuard,,unknown,UNKNOWN,DB:insert,
PATCH,/admin/monetization/quotas/policies/:id,monetization/monetization-admin.controller.ts,patchQuotaPolicy,AdminRbacGuard,,unknown,UNKNOWN,DB:update,
POST,/admin/monetization/quotas/plan-links,monetization/monetization-admin.controller.ts,linkPlanQuota,AdminRbacGuard,,unknown,UNKNOWN,DB:write,
GET,/admin/monetization/quota-overrides,monetization/monetization-admin.controller.ts,listQuotaOverrides,AdminRbacGuard,,unknown,UNKNOWN,read-only,
POST,/admin/monetization/quota-overrides,monetization/monetization-admin.controller.ts,createQuotaOverride,AdminRbacGuard,,unknown,UNKNOWN,DB:insert,
DELETE,/admin/monetization/quota-overrides/:id,monetization/monetization-admin.controller.ts,deleteQuotaOverride,AdminRbacGuard,,unknown,UNKNOWN,DB:delete,
GET,/admin/monetization/subscriptions,monetization/monetization-admin.controller.ts,listSubscriptions,AdminRbacGuard,,unknown,UNKNOWN,read-only,
PATCH,/admin/monetization/subscriptions/:id,monetization/monetization-admin.controller.ts,patchSubscription,AdminRbacGuard,,unknown,UNKNOWN,DB:update,
GET,/admin/monetization/coupons,monetization/monetization-admin.controller.ts,listCoupons,AdminRbacGuard,,unknown,UNKNOWN,read-only,
POST,/admin/monetization/coupons,monetization/monetization-admin.controller.ts,createCoupon,AdminRbacGuard,,unknown,UNKNOWN,DB:insert,
PATCH,/admin/monetization/coupons/:id,monetization/monetization-admin.controller.ts,patchCoupon,AdminRbacGuard,,unknown,UNKNOWN,DB:update,
GET,/admin/monetization/ads/placements,monetization/monetization-admin.controller.ts,listAds,AdminRbacGuard,,unknown,UNKNOWN,read-only,
PATCH,/admin/monetization/ads/placements/:id,monetization/monetization-admin.controller.ts,patchAdPlacement,AdminRbacGuard,,unknown,UNKNOWN,DB:update,
PATCH,/admin/monetization/dev/users/:userId/plan,monetization/monetization-admin.controller.ts,plan,AdminRbacGuard,,unknown,UNKNOWN,DB:write,
GET,/nhk-news,nhk-news/nhk-news.controller.ts,list,Public,,unknown,UNKNOWN,read-only,
GET,/nhk-news/image,nhk-news/nhk-news.controller.ts,image,Public,,unknown,UNKNOWN,read-only,Custom response
GET,/nhk-news/:id,nhk-news/nhk-news.controller.ts,detail,Public,,unknown,UNKNOWN,read-only,
POST,/nhk-news/:id/flashcard,nhk-news/nhk-news.controller.ts,createFlashcard,Public,,unknown,UNKNOWN,DB:insert,
POST,/nhk-news/:id/flashcards,nhk-news/nhk-news.controller.ts,createFlashcardDeck,Public,,unknown,UNKNOWN,DB:insert,
POST,/nhk-news/:id/reading,nhk-news/nhk-news.controller.ts,trackReading,Public,,unknown,UNKNOWN,DB:write,
GET,/nhk-news/reading/progress,nhk-news/nhk-news.controller.ts,readingProgress,Public,,unknown,UNKNOWN,read-only,
POST,/nhk-news/:id/bookmark,nhk-news/nhk-news.controller.ts,toggleBookmark,Public,,unknown,UNKNOWN,DB:write,
GET,/nhk-news/:id/bookmark,nhk-news/nhk-news.controller.ts,checkBookmark,Public,,unknown,UNKNOWN,read-only,
GET,/nhk-news/bookmarks,nhk-news/nhk-news.controller.ts,bookmarks,Public,,unknown,UNKNOWN,read-only,
GET,/admin/nhk-news/config,nhk-news/nhk-news.controller.ts,config,AdminRbacGuard,,unknown,UNKNOWN,read-only,
PATCH,/admin/nhk-news/config,nhk-news/nhk-news.controller.ts,updateConfig,AdminRbacGuard,,unknown,UNKNOWN,DB:update,
POST,/admin/nhk-news/refresh,nhk-news/nhk-news.controller.ts,refresh,AdminRbacGuard,,unknown,UNKNOWN,DB:bulk-write,
POST,/notifications/push/subscribe,notifications/push.controller.ts,subscribe,KeycloakAuthGuard,,unknown,UNKNOWN,DB:write,
DELETE,/notifications/push/subscribe,notifications/push.controller.ts,unsubscribe,KeycloakAuthGuard,,unknown,UNKNOWN,DB:write,
GET,/admin/operations/feature-flags,operations/operations.controller.ts,listFlags,AdminRbacGuard,,unknown,UNKNOWN,read-only,
GET,/admin/operations/system/health,operations/operations.controller.ts,systemHealth,AdminRbacGuard,,unknown,UNKNOWN,read-only,
GET,/admin/operations/system/queue-health,operations/operations.controller.ts,queueHealth,AdminRbacGuard,,unknown,UNKNOWN,read-only,
GET,/admin/operations/system/search-sync,operations/operations.controller.ts,searchSync,AdminRbacGuard,,unknown,UNKNOWN,DB:bulk-write,
GET,/admin/operations/system/release,operations/operations.controller.ts,releaseSummary,AdminRbacGuard,,unknown,UNKNOWN,read-only,
PATCH,/admin/operations/feature-flags/:key,operations/operations.controller.ts,updateFlag,AdminRbacGuard,,unknown,UNKNOWN,DB:update,
GET,/admin/operations/kill-switches,operations/operations.controller.ts,killSwitches,AdminRbacGuard,,unknown,UNKNOWN,read-only,
PATCH,/admin/operations/kill-switches/:key,operations/operations.controller.ts,updateKillSwitch,AdminRbacGuard,,unknown,UNKNOWN,DB:update,
GET,/admin/operations/dead-letter-queue,operations/operations.controller.ts,deadLetters,AdminRbacGuard,,unknown,UNKNOWN,read-only,
GET,/admin/operations/dead-letter-queue/:id,operations/operations.controller.ts,deadLetterDetail,AdminRbacGuard,,unknown,UNKNOWN,read-only,
PATCH,/admin/operations/dead-letter-queue/:id/retry,operations/operations.controller.ts,retryDeadLetter,AdminRbacGuard,,unknown,UNKNOWN,DB:write,
PATCH,/admin/operations/dead-letter-queue/bulk,operations/operations.controller.ts,bulkDeadLetter,AdminRbacGuard,,unknown,UNKNOWN,DB:write,
GET,/admin/operations/notifications,operations/operations.controller.ts,notificationsSummary,AdminRbacGuard,,unknown,UNKNOWN,read-only,
GET,/admin/operations/security,operations/operations.controller.ts,securitySummary,AdminRbacGuard,,unknown,UNKNOWN,read-only,
PATCH,/admin/operations/dead-letter-queue/:id,operations/operations.controller.ts,resolveDeadLetter,AdminRbacGuard,,unknown,UNKNOWN,DB:write,
GET,/admin/operations/import-staging/errors,operations/operations.controller.ts,importStagingErrors,AdminRbacGuard,,unknown,UNKNOWN,Storage:write,
GET,/admin/operations/import-batches,operations/operations.controller.ts,importBatches,AdminRbacGuard,,unknown,UNKNOWN,Storage:write,
GET,/admin/operations/import-manifests,operations/operations.controller.ts,importManifests,AdminRbacGuard,,unknown,UNKNOWN,Storage:write,
PATCH,/admin/operations/import-staging/errors/:id/dead-letter,operations/operations.controller.ts,escalateImportErrorToDeadLetter,AdminRbacGuard,,unknown,UNKNOWN,Storage:write,
PATCH,/admin/operations/search-rebuild,operations/operations.controller.ts,rebuildSearchProjection,AdminRbacGuard,,unknown,UNKNOWN,DB:bulk-write,Feature-gated
GET,/admin/operations/feature-flags/:key/history,operations/operations.controller.ts,featureFlagHistory,AdminRbacGuard,,unknown,UNKNOWN,read-only,Feature-gated
GET,/admin/operations/security/events,operations/operations.controller.ts,type,AdminRbacGuard,,unknown,UNKNOWN,read-only,Feature-gated
GET,/admin/operations/security/events/:id,operations/operations.controller.ts,securityEventDetail,AdminRbacGuard,,unknown,UNKNOWN,read-only,
PATCH,/admin/operations/security/events/:id/resolve,operations/operations.controller.ts,resolveSecurityEvent,AdminRbacGuard,,unknown,UNKNOWN,DB:write,
GET,/admin/operations/broadcasts,operations/operations.controller.ts,notifications,AdminRbacGuard,,unknown,UNKNOWN,read-only,
GET,/admin/operations/broadcasts/:id,operations/operations.controller.ts,broadcastDetail,AdminRbacGuard,,unknown,UNKNOWN,read-only,
PATCH,/admin/operations/broadcasts/audience/estimate,operations/operations.controller.ts,estimateAudience,AdminRbacGuard,,unknown,UNKNOWN,DB:write,
PATCH,/admin/operations/broadcasts,operations/operations.controller.ts,createBroadcast,AdminRbacGuard,,unknown,UNKNOWN,DB:insert,
PATCH,/admin/operations/broadcasts/:id,operations/operations.controller.ts,updateBroadcast,AdminRbacGuard,,unknown,UNKNOWN,DB:update,
PATCH,/admin/operations/broadcasts/:id/schedule,operations/operations.controller.ts,scheduleBroadcast,AdminRbacGuard,,unknown,UNKNOWN,DB:write,
PATCH,/admin/operations/broadcasts/:id/cancel,operations/operations.controller.ts,cancelBroadcast,AdminRbacGuard,,unknown,UNKNOWN,DB:write,
GET,/admin/operations/system/queue-health/actions,operations/operations.controller.ts,queueActions,AdminRbacGuard,,unknown,UNKNOWN,read-only,
POST,/admin/operations/system/queue-health/pause,operations/operations.controller.ts,pauseQueue,AdminRbacGuard,,unknown,UNKNOWN,DB:write,
POST,/admin/operations/system/queue-health/resume,operations/operations.controller.ts,resumeQueue,AdminRbacGuard,,unknown,UNKNOWN,DB:write,
POST,/admin/operations/system/queue-health/drain,operations/operations.controller.ts,drainQueue,AdminRbacGuard,,unknown,UNKNOWN,DB:write,
POST,/admin/operations/search-rebuild/partial,operations/operations.controller.ts,partialReindex,AdminRbacGuard,,unknown,UNKNOWN,DB:write,
GET,/admin/operations/system/release/history,operations/operations.controller.ts,releaseHistory,AdminRbacGuard,,unknown,UNKNOWN,read-only,
POST,/admin/operations/system/release/mark-known-good,operations/operations.controller.ts,markReleaseKnownGood,AdminRbacGuard,,unknown,UNKNOWN,DB:write,
POST,/admin/operations/system/release/prepare-rollback,operations/operations.controller.ts,prepareRollback,AdminRbacGuard,,unknown,UNKNOWN,DB:write,
PATCH,/admin/operations/import-staging/errors/:id/retry,operations/operations.controller.ts,retryImportError,AdminRbacGuard,,unknown,UNKNOWN,Storage:write,
PATCH,/admin/operations/import-staging/errors/:id/discard,operations/operations.controller.ts,discardImportError,AdminRbacGuard,,unknown,UNKNOWN,Storage:write,
PATCH,/admin/operations/import-staging/errors/bulk,operations/operations.controller.ts,bulkImportErrorAction,AdminRbacGuard,,unknown,UNKNOWN,Storage:write,
GET,/admin/operations/import-manifests/:id,operations/operations.controller.ts,importManifestDetail,AdminRbacGuard,,unknown,UNKNOWN,Storage:write,
POST,/admin/operations/import-manifests,operations/operations.controller.ts,createImportManifest,AdminRbacGuard,,unknown,UNKNOWN,DB:insert,
PATCH,/admin/operations/import-manifests/:id,operations/operations.controller.ts,updateImportManifest,AdminRbacGuard,,unknown,UNKNOWN,DB:update,
POST,/admin/operations/import-manifests/:id/run,operations/operations.controller.ts,runImportManifest,AdminRbacGuard,,unknown,UNKNOWN,Storage:write,
GET,/admin/operations/import-manifests/:id/history,operations/operations.controller.ts,importManifestHistory,AdminRbacGuard,,unknown,UNKNOWN,Storage:write,
GET,/admin/operations/import/overview,operations/operations.controller.ts,importOverview,AdminRbacGuard,,unknown,UNKNOWN,Storage:write,
GET,/admin/operations/bjt/dashboard,operations/operations.controller.ts,bjtDashboard,AdminRbacGuard,,unknown,UNKNOWN,read-only,
GET,/admin/privacy/requests,privacy/privacy-admin.controller.ts,requests,AdminRbacGuard,,unknown,UNKNOWN,read-only,
GET,/admin/privacy/requests/:id,privacy/privacy-admin.controller.ts,detail,AdminRbacGuard,,unknown,UNKNOWN,read-only,
PATCH,/admin/privacy/requests/:id/acknowledge,privacy/privacy-admin.controller.ts,request,AdminRbacGuard,,unknown,UNKNOWN,DB:write,
POST,/admin/privacy/requests/:id/fulfill,privacy/privacy-admin.controller.ts,resultPayload,AdminRbacGuard,,unknown,UNKNOWN,DB:write,
POST,/admin/privacy/requests/:id/reject,privacy/privacy-admin.controller.ts,reason,AdminRbacGuard,,unknown,UNKNOWN,DB:write,
POST,/admin/privacy/requests/:id/erasure-confirm,privacy/privacy-admin.controller.ts,erasure,AdminRbacGuard,,unknown,UNKNOWN,DB:write,
POST,/privacy/requests,privacy/privacy-request.controller.ts,export,KeycloakAuthGuard,,unknown,UNKNOWN,File:generate,
GET,/privacy/requests,privacy/privacy-request.controller.ts,listOwn,KeycloakAuthGuard,,unknown,UNKNOWN,read-only,
GET,/privacy/requests/:id,privacy/privacy-request.controller.ts,getOwn,KeycloakAuthGuard,,unknown,UNKNOWN,read-only,
GET,/privacy/requests/:id/download,privacy/privacy-request.controller.ts,request,KeycloakAuthGuard,,unknown,UNKNOWN,read-only,
GET,/users/:userId/profile,public-profile/public-profile.controller.ts,relationship,KeycloakAuthGuard,,unknown,UNKNOWN,read-only,
GET,/users/:userId/presence,public-profile/public-profile.controller.ts,getUserPresence,KeycloakAuthGuard,,unknown,UNKNOWN,read-only,
GET,/users/presence/batch,public-profile/public-profile.controller.ts,getPresenceBatch,KeycloakAuthGuard,,unknown,UNKNOWN,read-only,
GET,/admin/quiz/tests,quiz/quiz-admin.controller.ts,listTests,AdminRbacGuard,,unknown,UNKNOWN,read-only,
GET,/admin/quiz/remediation,quiz/quiz-admin.controller.ts,listRemediation,AdminRbacGuard,,unknown,UNKNOWN,read-only,
GET,/admin/quiz/questions,quiz/quiz-admin.controller.ts,listQuestions,AdminRbacGuard,,unknown,UNKNOWN,read-only,
GET,/admin/quiz/sessions,quiz/quiz-admin.controller.ts,listSessions,AdminRbacGuard,,unknown,UNKNOWN,read-only,
GET,/quiz/templates,quiz/quiz.controller.ts,templates,KeycloakAuthGuard,,unknown,UNKNOWN,read-only,
GET,/quiz/templates/:id,quiz/quiz.controller.ts,template,KeycloakAuthGuard,,unknown,UNKNOWN,read-only,
GET,/quiz/templates/:id/printable,quiz/quiz.controller.ts,printableTemplate,KeycloakAuthGuard,,unknown,UNKNOWN,read-only,
GET,/quiz/official-simulation/status,quiz/quiz.controller.ts,officialSimulationStatus,KeycloakAuthGuard,,unknown,UNKNOWN,read-only,
POST,/quiz/start,quiz/quiz.controller.ts,start,KeycloakAuthGuard,,unknown,UNKNOWN,DB:write,
GET,/quiz/session/history,quiz/quiz.controller.ts,user,KeycloakAuthGuard,,unknown,UNKNOWN,read-only,
GET,/quiz/session/active,quiz/quiz.controller.ts,activeSession,KeycloakAuthGuard,,unknown,UNKNOWN,read-only,
GET,/quiz/session/:id/question,quiz/quiz.controller.ts,currentQuestion,KeycloakAuthGuard,,unknown,UNKNOWN,read-only,
POST,/quiz/session/:id/answer,quiz/quiz.controller.ts,answer,KeycloakAuthGuard,,unknown,UNKNOWN,DB:write,
GET,/quiz/session/:id/remediation,quiz/quiz.controller.ts,remediation,KeycloakAuthGuard,,unknown,UNKNOWN,read-only,
GET,/quiz/session/:id/results,quiz/quiz.controller.ts,results,KeycloakAuthGuard,,unknown,UNKNOWN,read-only,
GET,/quiz/session/:id/results/breakdown,quiz/quiz.controller.ts,breakdown,KeycloakAuthGuard,,unknown,UNKNOWN,read-only,
GET,/quiz/admin/items/quality,quiz/quiz.controller.ts,admin_listQualityIssues,KeycloakAuthGuard,,unknown,UNKNOWN,read-only,
GET,/quiz/revenge/queue,quiz/revenge-mode.controller.ts,getQueue,KeycloakAuthGuard,,unknown,UNKNOWN,read-only,
POST,/quiz/revenge/answer,quiz/revenge-mode.controller.ts,submitAnswer,KeycloakAuthGuard,,unknown,UNKNOWN,DB:write,
GET,/quiz/revenge/stats,quiz/revenge-mode.controller.ts,getStats,KeycloakAuthGuard,,unknown,UNKNOWN,read-only,
POST,/reading-assist/analyze,reading-assist/reading-assist.controller.ts,analyze,KeycloakAuthGuard,,unknown,UNKNOWN,DB:write,Feature-gated
GET,/reading-assist/preferences,reading-assist/reading-assist.controller.ts,preferences,KeycloakAuthGuard,,unknown,UNKNOWN,read-only,
PUT,/reading-assist/preferences,reading-assist/reading-assist.controller.ts,putPreferences,KeycloakAuthGuard,,unknown,UNKNOWN,DB:write,
POST,/reading-assist/flashcard,reading-assist/reading-assist.controller.ts,addCard,KeycloakAuthGuard,,unknown,UNKNOWN,DB:insert,
POST,/reading-assist/report,reading-assist/reading-assist.controller.ts,report,KeycloakAuthGuard,,unknown,UNKNOWN,DB:write,
POST,/reading-assist/analytics,reading-assist/reading-assist.controller.ts,analytics,KeycloakAuthGuard,,unknown,UNKNOWN,DB:write,
POST,/reading-assist/readings,reading-assist/reading-assist.controller.ts,text,KeycloakAuthGuard,,unknown,UNKNOWN,DB:write,
GET,/recommendation/onboarding/preferences,recommendation/onboarding.controller.ts,getPreferences,KeycloakAuthGuard,,unknown,UNKNOWN,read-only,
GET,/recommendation/onboarding/status,recommendation/onboarding.controller.ts,getStatus,KeycloakAuthGuard,,unknown,UNKNOWN,read-only,
POST,/recommendation/onboarding/skip,recommendation/onboarding.controller.ts,skip,KeycloakAuthGuard,,unknown,UNKNOWN,DB:write,
POST,/recommendation/onboarding/preferences,recommendation/onboarding.controller.ts,UNKNOWN,KeycloakAuthGuard,,unknown,UNKNOWN,DB:write,
GET,/recommendation/study-feed,recommendation/recommendation.controller.ts,feed,KeycloakAuthGuard,,unknown,UNKNOWN,read-only,
GET,/recommendation/news-feed,recommendation/recommendation.controller.ts,getNewsFeed,KeycloakAuthGuard,,unknown,UNKNOWN,read-only,
GET,/recommendation/review-queue,recommendation/recommendation.controller.ts,getReviewQueue,KeycloakAuthGuard,,unknown,UNKNOWN,read-only,
GET,/search,search/search.controller.ts,search,Public,,unknown,UNKNOWN,read-only,
GET,/search/suggest,search/search.controller.ts,suggest,Public,,unknown,UNKNOWN,read-only,
