domain,current_bucket,key_pattern,db_reference,read_path,write_path,visibility,content_types,source_count,destination_count,checksum_status,migration_status,notes
learner_uploads,nihongo-bjt-media,{userId}/{uuid}-{sanitizedFileName},MediaAsset.objectKey,presigned GET via minioPublic (1h TTL); access-checked: owner OR CardMediaLink,presigned PUT via minioPublic (1h TTL); feature-gated by external_media_uploads,private,image/*; validated post-upload via statObject,GATED_UNKNOWN,GATED_UNKNOWN,PENDING,PENDING,File names sanitized: non-alnum→_; truncated 80 chars; rightsStatus=pending_review on creation
admin_uploads,nihongo-bjt-media,admin/{actorId}/{uuid}-{sanitizedFileName},MediaAsset.objectKey,raw MinIO URL returned (accessible if endpoint public),server-side putObject via minio client; Buffer upload,effectively_public,image/*; no resize/validation,GATED_UNKNOWN,GATED_UNKNOWN,PENDING,PENDING,No presigned flow; direct server upload
proxy_images,nihongo-bjt-media,{userId}/proxy-{uuid}.jpg,MediaAsset.objectKey,presigned GET (same as learner),server-side fetch → Sharp resize 800x800 → JPEG q82 mozjpeg → putObject,private,image/jpeg; max 10MB source; 15s timeout,GATED_UNKNOWN,GATED_UNKNOWN,PENDING,PENDING,External image normalization pipeline
share_postcards,nihongo-bjt-media,shares/{shareItemId}.png,ShareCardAsset.objectKey,streamed via getImageBufferForToken; checks publicToken+expiry,SVG→PNG via Sharp 1200x630 or 2400x1260; putObject,public (token-gated),image/png; kinds: streak bjt_result daily_phrase battle level_up,GATED_UNKNOWN,GATED_UNKNOWN,PENDING,PENDING,HiRes variant at 2400x1260 for retina
kanji_stroke_svg,nihongo-bjt-media,(referenced via MediaAsset or direct key),MediaAsset.objectKey,streamPublicBucketObject; path-traversal validated,internal/admin upload,private,application/svg+xml,GATED_UNKNOWN,GATED_UNKNOWN,PENDING,PENDING,StreamableFile response in canonical-content controller
flashcard_media,nihongo-bjt-media,(via CardMediaLink.asset.objectKey),CardMediaLink→MediaAsset,presigned GET resolved via flashcards.service.ts,same as learner_uploads or proxy_images,private,image/*; role field (default primary_image),GATED_UNKNOWN,GATED_UNKNOWN,PENDING,PENDING,Unique constraint on [cardId assetId role]
audio_lexeme,nihongo-bjt-media,(via LexemeAudio.mediaAssetId),LexemeAudio→MediaAsset,presigned GET,same as learner_uploads or admin upload,private,audio/*,GATED_UNKNOWN,GATED_UNKNOWN,PENDING,PENDING,Audio pronunciation files
audio_example,nihongo-bjt-media,(via ExampleSentenceAudio.mediaAssetId),ExampleSentenceAudio→MediaAsset,presigned GET,same as learner_uploads or admin upload,private,audio/*,GATED_UNKNOWN,GATED_UNKNOWN,PENDING,PENDING,Example sentence audio files
user_avatar,nihongo-bjt-media,(via UserProfile.avatarAssetId),UserProfile→MediaAsset,presigned GET,same as learner_uploads,private,image/*,GATED_UNKNOWN,GATED_UNKNOWN,PENDING,PENDING,Optional avatar relation
user_cover,nihongo-bjt-media,(via UserProfile.coverAssetId),UserProfile→MediaAsset,presigned GET,same as learner_uploads,private,image/*,GATED_UNKNOWN,GATED_UNKNOWN,PENDING,PENDING,Optional cover image relation
nhk_news_images,nihongo-bjt-media,(NhkArticle.imageUrl string column NOT MediaAsset FK),NhkNewsArticle.imageUrl,direct URL or proxy-image endpoint,proxy-image or external reference,public (news content),image/*,GATED_UNKNOWN,GATED_UNKNOWN,PENDING,PENDING,String URL not FK; may be external CDN
announcement_images,nihongo-bjt-media,(Announcement.imageUrl string column NOT MediaAsset FK),Announcement.imageUrl,direct URL,admin upload or external,public,image/*,GATED_UNKNOWN,GATED_UNKNOWN,PENDING,PENDING,String URL not FK
bjt_question_images,nihongo-bjt-media,(BjtQuestion.imageUrl string column NOT MediaAsset FK),BjtQuestion.imageUrl,direct URL,admin upload,public/private,image/*,GATED_UNKNOWN,GATED_UNKNOWN,PENDING,PENDING,String URL not FK
growth_postcard_thumbs,nihongo-bjt-media,(GrowthPostcardConfig.thumbnailKey),GrowthPostcardConfig.thumbnailKey,direct key reference,admin upload,public,image/*,GATED_UNKNOWN,GATED_UNKNOWN,PENDING,PENDING,Template thumbnail references